,SPY,AGG,QQQ,GLD,VNQ,VWO,TLT,LQD
2020-01-01,-0.005818133932196611,0.0003321848641126086,-0.004508033152782492,-0.007340474269280665,0.0029494655497209685,-0.0113339848624942,0.0013352298114849238,0.007449972952940581
2020-01-02,-0.001393597908767296,-0.0010725773386205274,0.01271269384169511,0.0023927648275408934,0.002535533011006816,0.008246233320565158,0.00048095275157411456,-0.00916245272590013
2020-01-03,0.007581990206366962,-0.0003676712387683382,0.015457975951487613,0.01318042845894275,0.004216590490727006,0.016528828881099616,-0.00797401557372709,-0.0031141731294921605
2020-01-04,0.004442128765703237,-0.0064987334914051375,0.00489676940123968,-0.002376031708492033,0.008848325763297638,0.011513320678828518,-0.0010992589956071548,-0.0035331858344674694
2020-01-05,-0.007997079008387333,0.005307098471072763,-0.000641300964241529,0.010756676511483055,-0.0017819494537664787,0.004955791123487606,0.012399101414093667,-9.940490315921412e-06
2020-01-06,-0.007464583582858869,-0.002919150637133093,-0.008067756060058598,-0.008526489730744439,-0.010151159331485159,-0.0038001682163999765,0.0034169027585280124,-0.003393260217868574
2020-01-07,-0.0036155763566495572,0.003931697295014529,-0.01681055450432238,0.004911679882363325,0.00018721547127947447,0.002901103370170006,0.007533487551076717,0.009798626489754948
2020-01-08,0.007544686633998035,0.0062357064505428935,0.009689350546033445,-0.0002452961168855721,0.014422368507903715,0.008605977408169358,0.005733669628082983,0.0005091144094185011
2020-01-09,-0.006958005579529195,-0.00827029287812118,0.0011371292261043331,-0.010444445190196251,-0.006500096789870778,-0.017092023165285488,-0.005841977156611861,-0.004174898512112057
2020-01-10,0.00031346147164106964,-0.008867234928529647,0.005585049672354453,-0.010798570458561148,0.0033812578183487507,0.003977677106291197,-0.020776756422716022,-0.013620789415850279
2020-01-11,0.0019014807138406323,0.004108518562286581,0.010533366985008438,-0.0015691922575652377,-0.005353176080831975,0.000700214512847329,0.007395506539566448,0.007479193653726178
2020-01-12,0.005227874101474182,0.0033222679470258564,0.011127342895696998,-0.006361643695484042,0.007984716594712732,0.00415718175460394,0.00020820616210001083,-0.0012501788317119571
2020-01-13,-0.002470582589423303,0.0015918259304242286,-0.0018324286229931819,-0.007389534101301703,-0.006291362979760916,0.0005898062203674073,0.001895485506118152,-0.002526802062170254
2020-01-14,0.005198376363896905,0.00598203021451483,0.010798019875327119,0.0017140566822673026,-0.0008017268159951944,-0.007927746097350712,0.011212180454239181,-0.0004002656649945898
2020-01-15,-0.0008713355711354115,-0.00899785333777123,0.019122814208319544,-0.012251109030960536,-0.00809641609715098,-0.006644239270530244,-0.010087086460459405,-0.004373065415422678
2020-01-16,0.0024575218497107946,0.007498921141772907,-0.015389165441706341,0.010189475888262212,-0.013512713401144958,-0.011363446479234204,0.007682629188841652,0.003073232565845279
2020-01-17,0.0009052025748793114,-0.006057660295085759,-0.010656352661999434,-0.003219870077330492,0.003322991844558519,0.008349223388751555,-0.0012076420701122538,-0.005164337356074634
2020-01-18,0.01409840370702014,0.004859406846724781,0.00828912876641126,0.011241036937332334,0.0012927479779730063,0.009552063109233217,0.008101980685033877,0.0011036770528278146
2020-01-19,-0.00013802820983160348,-0.007478906552239039,-0.0003377858589823441,0.00199756824062124,-0.010171653837677768,0.0021438978961365656,-0.010349719518894426,-0.0063236480497657135
2020-01-20,0.009357749567943855,-0.0006495721016171246,0.012588356716200802,0.013353681803749486,0.0040300249585571365,0.0035604164417588134,0.000457689794332678,-0.0019835533794755823
2020-01-21,0.012473550232608656,-0.0011716271459189767,0.022312021173013546,0.008460081973920543,0.000858746978143873,0.005451959136603232,0.0026384486790486986,0.0072637621361955505
2020-01-22,0.0019141011028359794,-0.0020847883031137535,-0.004547022501627592,0.006363127789120286,0.0024219048728319533,0.011636938727736164,-0.0009415705380611664,0.0011960370062494082
2020-01-23,-8.046701919053433e-05,-0.005806776265495718,0.011633027841827261,-0.012353703045796523,0.011534877886742661,-0.012896330072054428,-0.005285840608631501,-0.007882316441871023
2020-01-24,-0.0011748330382470064,-0.0011178440868134557,0.011749530983580316,-0.004998764232159408,-0.0017391375807733714,0.0025832640485434293,0.004944499234862533,-0.0014956542263074228
2020-01-25,-0.002964948770615689,0.006675575540483897,-0.011496512985447483,-0.0004593232477332309,0.004055580278321093,0.0019398544078794346,0.00548933430675682,0.004070254964938978
2020-01-26,-0.004398940511740531,0.0014455176205769875,0.0034369666827388737,-0.012656362186548049,-0.0026391691109541697,-0.008775086707976758,0.0059021677239066705,0.003531710192096278
2020-01-27,0.006726277658231337,-0.010862055102518081,0.022441003683349548,-0.017023007860143505,-0.013743699557142932,-0.026592538224313914,-0.013223094619940529,-0.01023249386945804
2020-01-28,-0.0032556797632837093,0.0017569990763643595,0.013474296923124584,0.012987287638958988,0.013323134257650984,0.008336166831063124,-0.0060131982492016185,0.0002192620594291773
2020-01-29,0.010793564068026368,-0.0016283961623861757,0.012623733744864732,-0.001546339096080154,-0.006531289789377896,0.007072420988773931,-0.00029022391982108496,-0.0034181248543531232
2020-01-30,0.0027003154756206037,0.008788672809089586,-0.0011392607587931021,-0.006333187307235419,0.00034972325780895195,-0.003721762850269264,0.01878074218415565,0.008655509002497395
2020-01-31,0.006968622202888693,0.0054308043014608945,0.010649629232092615,-0.004117131331001554,0.011272163800418525,0.009240045994338468,0.00682364960717602,0.0028228045149005674
2020-02-01,-0.01075481169410043,-0.007468729687913298,-0.022733665612673364,-0.002026344127491114,-0.008286805479436493,-0.0275272194506717,-0.013279400621010101,-0.014136928947598238
2020-02-02,-0.009175870717169772,0.005104024895622521,-0.02081926618276655,-0.006776630782000978,-0.0052824653365685795,-0.01590392811265333,0.00964934581160846,-0.009382388347091722
2020-02-03,0.0009235135605635478,0.012268925571967954,-0.0004428462001634803,0.009881678093356806,-0.003957112480409238,0.0071022317514399785,0.010311904343320221,0.013437021292898702
2020-02-04,-0.013170170749813592,-0.004190559325755604,-0.015523657129269279,-0.005653871751072121,-0.006133121661777213,-0.011684720989051803,-0.006885564080965933,-0.006165723799490563
2020-02-05,-0.006829377358379124,0.0009064701336104276,0.01414930913109594,0.011592148941638725,-0.009378757873573234,-0.00934189429574022,0.0042661074365492185,0.000478601115155267
2020-02-06,0.00010867261240854323,0.0025540982332087066,-0.009830920268567876,0.0007518518368391325,-0.00341659241708613,0.0021444992554161737,0.00012267066425878718,0.002070542044840665
2020-02-07,-0.008681183728590782,-7.784447199880051e-05,-0.006072711195198446,-0.009936794674331008,-0.008290461334140468,-0.014039010266651417,0.0030663980359598646,0.002753682695594488
2020-02-08,0.0011517699295233298,0.001687347888778814,0.006237497568091169,0.005387881069724662,-0.004393968652077859,-0.0042512233292544355,0.006794496176631304,0.0034764458864300586
2020-02-09,-0.006034471876799431,0.0010156610132370702,0.0008732142923473739,-0.002650688571993028,-0.011993909761347652,-0.018835512863377247,0.0007808634510647254,0.0007948121503416724
2020-02-10,-0.005345173042098923,-0.005628581829714393,0.002579829103277814,-0.01528501676594429,0.009007862208505387,-0.002023077607943206,-0.005011825269272363,-0.00013849753486103799
2020-02-11,-0.007289693436931536,-0.0024411158259997497,-0.0011759522514985308,-0.0018169515271600697,-0.013095614520000886,-0.005731621131511119,-0.004242413252240334,-0.0009444612129397065
2020-02-12,0.00859185711063319,0.005101241368356938,0.009009706844230369,0.0032297956563376203,0.004562385665954758,0.013846037401291438,0.0050939424440797874,0.005264003447746206
2020-02-13,0.003596692028321091,-0.007297677291176099,0.0042043329452833185,0.0018421829235345593,-0.002340834713492374,0.017502426846467318,-0.004474538601276333,-0.0029078417047088212
2020-02-14,-0.008845313483232559,0.0009276831115125815,-0.0106581368849911,0.0008215230996046336,-0.012791890708208499,-0.00612208770539472,-0.0013792533734761688,-0.0013751753294113387
2020-02-15,-0.0032533525090733505,-0.005531862167134269,0.006026588582639712,-0.006739949027958874,-0.007443306808688225,-0.012901697842878259,-0.008188774659243187,-0.005469718072110721
2020-02-16,-0.0004704384376041232,0.0025794008438781856,-0.0058404898836262025,0.007115525482749073,0.005923347249935014,-0.003810706460926098,-0.005625697737478894,0.008982617639160733
2020-02-17,-0.005579995321534187,0.0077841413247309865,-0.0030975187560614978,-0.0025460732162726255,-0.016870338410922163,-0.015010882724839683,0.014941059848183454,-0.002372271605675994
2020-02-18,0.005463169011249158,0.0005811535383541833,0.013908115401041971,0.0008042031386286087,0.01873249021257246,-8.506136016933386e-05,0.0025396622834894756,8.036164251619252e-06
2020-02-19,0.02346066258421622,-0.00015418613625702653,0.029580268494376404,-0.007242983106668535,-0.0015269407133818678,0.011288053651219564,0.004811620367334927,0.003741106927878511
2020-02-20,0.016922968085259272,0.00490590210906944,0.014986288999319669,0.007187565770374297,0.017913978307825124,0.02218373942548027,0.006551076298577982,0.0028803668891997955
2020-02-21,0.006812496726200625,0.003568289668337318,0.0011912847763244018,-0.00478886083648666,-0.012872838072924081,0.0011699298551222784,0.0024590341546074364,0.00262694737166707
2020-02-22,-0.005325552219902545,-0.0012386115819808332,-0.01632391334665672,0.004128233704922011,-0.014573586834834203,-0.030961601119431862,-0.0009601054602905164,0.00034206998758582764
2020-02-23,-0.010381338306913677,-0.004125213803753461,0.003490669086438702,-0.0064096060191681445,-0.0035710291982867315,-0.011634904478297754,-0.011002143648398834,-0.014629609792454677
2020-02-24,0.00022494283415739951,0.0030184787486943433,0.017145425536675668,0.006610933737297391,0.0011844693917096429,-0.008118728277638992,0.00644101378183801,-0.003181040168065363
2020-02-25,-0.0014644443169812764,-0.00452951221385215,-0.01255360384879832,-0.007995361326361757,-0.002304845377445701,0.0070482879155319865,-0.01022107794949312,-0.005894174165639474
2020-02-26,0.005605394176582193,0.005924883530224406,-0.0025209135948018346,-0.0007514565702557191,0.013793054329369553,0.009315637721161773,0.005738313422694718,0.0032689171682447754
2020-02-27,-0.001152955972211055,-0.00024015404236886725,-0.004937936009551604,0.017805289941823715,0.002494589112283104,0.0053730289954031195,-0.0009289553861307682,-0.0017437085837860857
2020-02-28,-0.00085830463625096,0.00797845424221859,0.0027693466296114235,-0.0031810577638817753,0.005172740919706951,-0.0002693999624914977,0.003820146850206726,0.0012439867833555862
2020-02-29,0.01654179845182056,0.0010158438561728308,0.034937321549883965,0.003671635749299376,0.004812825115105627,0.00870153970025634,-0.0003534391305977819,0.015543682784110573
2020-03-01,-0.00674228847331078,0.00011422936596047168,-0.007132591062662944,-0.00038429231180506994,0.009135346340119265,0.013489091781712498,-0.001374919288660743,-0.005375915877077434
2020-03-02,-0.017435459290254862,-0.006072308094411278,-0.01283577532467446,-0.015180019547144284,-0.011105983362458452,-0.02684307496583949,-0.007397518160653487,-0.0013445112048949693
2020-03-03,0.017435208247792815,-0.001991600711305332,0.007386829982386832,0.0141640743252843,0.005661814185216435,0.01706873124399401,-0.00240216307369082,-0.0034084356110066563
2020-03-04,0.0011530246343556287,0.0003171027988144448,0.005671456962084808,0.007355521602017515,0.005071435590239648,0.015596460205476878,0.00018970709480704246,0.0010289137276130662
2020-03-05,-0.00402892745723684,-0.0009289677313631006,-0.0021026251859977132,0.004200973165218995,0.012578442083595555,0.005481780722154506,0.0010958719532716563,0.0014809616084613124
2020-03-06,0.009838161041102689,-0.0006801400419279191,0.02613400755416583,-0.0011568108841566967,0.018864889982471992,0.02320132642452747,0.003150961341888344,-0.005552652267741018
2020-03-07,-0.0074801306795083625,0.00431228769518816,-0.004983472483534375,0.00909174658990604,-0.008082425438078336,0.0035136459613364286,0.009149487812850195,0.0008355010233278751
2020-03-08,0.0027448757209596647,0.0021587374693759417,0.01478544001747304,0.011324718774011155,0.006717116685923374,0.008955897880547644,0.0077006184268259845,0.007727045447804893
2020-03-09,0.018228939796857076,0.007731008485977425,0.029734592500064605,0.01553019978438687,0.025902604515145883,0.03154093313241413,0.008855770436355275,0.009769171058259916
2020-03-10,-0.010894753683154186,2.886443776178922e-05,-0.01097266219348025,-0.005950512143453047,-0.015249038261083305,-0.01314081731059708,-0.00035513018521374104,-0.0013663856554113245
2020-03-11,0.002030325698114713,-0.0011685731907212654,0.015678813621956448,-0.002054369259604646,-0.011756513241520819,-0.015211553900943978,-0.002670895279112649,-0.011304760087604553
2020-03-12,0.013994942358085842,0.007911781489114911,0.02292199862586582,0.0038261364377734394,0.02917583031427033,0.019334327077892823,-0.0004473476142341684,0.007532594150377801
2020-03-13,-0.00326747669359647,-0.012126919041232372,1.643611592386826e-06,-0.007277061182725328,0.004315749563899395,-0.0032379585851565495,-0.009962197568829378,-0.004430674040087059
2020-03-14,-0.00495030397043561,-0.0019433460022275258,0.0014108520707328512,0.004592514439121282,-0.005015117913505714,0.00043662132139841964,-0.004532622451502508,-0.0037424272589112527
2020-03-15,-0.005761785173475175,0.0014983248619165244,0.0013285357506368034,-0.001582603598365187,-0.00983849088816639,-0.007708163208150724,0.00617959387926587,-0.000394156847199495
2020-03-16,0.0005700981923111044,0.007214714198129593,-0.016420451298158133,-0.0004528130272257373,0.0029622227434592746,-0.016525942168009566,0.003972772987419212,0.002610997210296841
2020-03-17,0.01286495204866695,-0.00017591447381222196,0.038699368848911835,0.0013527246057715673,0.009939426428256681,0.01665755486605715,-0.003319831462284691,0.009143018094189478
2020-03-18,0.0023918291490569506,-0.0028240688821876627,0.004455105861662087,-0.007586687694470941,-0.004896600807818778,-0.0035662975988558507,-0.001297794222907203,0.006812494945372157
2020-03-19,-0.009114594003259119,-0.0066396562515010455,-0.0283996273938061,-0.0024314096073668684,-0.01158360877345457,-0.015430947056169054,-0.0018200071424410915,-0.009285531997751142
2020-03-20,0.001182402315556796,0.0005055108094598926,-0.0024406434461171325,0.01166128420186525,-0.002573768875058991,0.010224380690433892,-0.003379341496364381,-0.007194359429807761
2020-03-21,0.007900812864821473,-0.003934291111914587,0.015938818080199122,-0.0006411539366467014,-0.010382678834543873,0.005117794603637288,-0.0008455574904614614,-0.013849339785328424
2020-03-22,-0.0013426122337533452,0.004300701434275294,0.015910160471381406,-0.006777408349283152,0.0022809030940323,-0.007016717451917905,0.003874597756587003,0.01284320654978684
2020-03-23,-0.0015760166010477558,0.0022927544606582495,0.0013891569506728162,-0.0016969521480057824,-0.0012538135020796486,0.0019514722450080842,0.0023967354675593407,0.00031525124818418984
2020-03-24,0.01116138768311765,0.005747597276811552,0.005400258003244178,-0.015095011741246125,0.011367803772718583,0.011859484822721162,-0.0009662278342791894,0.006018143178136853
2020-03-25,0.009085720922226634,-0.004945525063375532,-0.005538460021574794,0.00010567124357297079,0.0007904697643163202,0.015263902124148578,-0.004836669635130088,0.002320461305678821
2020-03-26,-0.00485732444967105,0.002087264903796403,-0.020571262597295418,-0.004857311146389708,-6.0186705266627864e-05,-0.0021182993479348824,0.0022584482243148997,0.00020503822309003884
2020-03-27,-0.002646799676658492,-0.0019472216338922693,-0.00844051189203634,-0.013417820575091811,-0.0029521514430583978,-0.009466358828654532,-0.00439878805095666,-0.000937799232825471
2020-03-28,0.0007838824888359833,0.009638689108041366,-0.012251833019816728,0.003592646490761835,-0.0011000810795044253,-0.0024777557996750526,0.00880775906627304,0.004096624781833751
2020-03-29,0.02217267776644171,-0.0019127766748844588,0.015922289661028113,-0.012316690844520401,0.021409446724963824,0.021511563816566933,-0.004777367746112928,0.0011244313723982227
2020-03-30,0.006810849426700665,-7.978999168156554e-05,0.009973651906703917,-0.0025112076289720503,0.01042563501246341,0.002161735715623262,-0.0008538055525042585,-0.0004948856774474947
2020-03-31,-0.00754453177364727,-0.00101635460229181,-0.018685854330022903,0.003737328882282284,0.011070156347060416,0.004355358615279731,-0.0009448552280749501,0.0001427241284826181
2020-04-01,-0.004156459880111445,0.0020659368274845,0.006509744398058578,0.010327902889904872,0.003829379661385941,0.012390186194477354,0.004316587563172134,0.0060914241642465545
2020-04-02,-0.0025886669674870704,0.00387197796265346,0.009290400847278486,-0.015264214428460161,-0.004603293669988025,-0.009789313132845357,0.010258244893680254,0.0006084198434257422
2020-04-03,-0.010351658631707592,0.005144461169355069,-0.008557661763172908,0.0014195033584447944,-0.006033035389645754,0.00032982564964673843,0.006066739504149742,-0.002929846365010427
2020-04-04,0.011569453676058985,-0.005935406578029287,0.017512313972004437,-0.007568992675611638,0.02259836549908739,0.0030809188203114062,-0.006779463041931777,-0.005172188133346711
2020-04-05,0.004501806959625102,0.004965088497110052,0.018367485578183226,0.009204374845417862,0.002482648495807702,-0.0050196766039745395,0.013412140531699712,0.009565457406986356
2020-04-06,0.013279983096416734,0.0013791428750933867,0.022613833972991503,-0.000196595368935871,-0.005204774652645273,-0.0003354599573017054,-0.00669058254469878,0.00030022583482072263
2020-04-07,0.00039130228214269696,5.664606153522707e-05,0.010624794333533432,0.0024130789353745113,0.012643989168117717,0.009262314750782704,0.002272176220765828,0.003066979811363984
2020-04-08,-0.008867067890172858,-0.00132790582248783,0.00654157555731383,-0.00812613125238644,-0.0076793424364776505,-0.012828019265046897,0.0006118858566044206,-0.000940539070540173
2020-04-09,-0.00252162171015856,-0.0003465895180864569,-0.016242402236630704,0.00030217111537743694,0.010303694350961973,0.0013683032945543837,-0.0019359580387202518,0.0005782315945951205
2020-04-10,-0.009996297638655763,0.0017327848055039578,-0.014371630861230073,-0.0014859851696757836,-0.00973405901387971,-0.007149746330060519,0.0015846191007532063,4.2575937307326526e-05
2020-04-11,-0.013342576721664081,0.002138800788579753,-0.020745398938631088,0.006562085234894896,-0.008892403679499216,-0.013798219875901421,-0.005525880445028266,0.001119598296185013
2020-04-12,0.00416432526856298,-0.0015036974176119852,0.0010946865996970174,-0.011096770718067023,-0.0020114260539758505,-0.00823034331637893,-0.008134222439897915,0.005988802161946853
2020-04-13,0.008527010131025536,0.0045915177104065875,0.020984653006594595,-0.0028664128932607766,-0.006727034056994855,-0.002014495298233415,0.006127248017265869,-0.0025250971384085767
2020-04-14,0.0019816532927322715,0.0027171636439657604,0.011544390213429024,0.012758097130837745,0.01647008047053292,0.011812938969295337,-7.265346853497274e-05,0.006400250846405535
2020-04-15,0.003550206864431165,-0.010367844256259123,0.0021248548685007954,-0.0033987861964457746,0.0021310611779405612,0.0011409305947462194,-0.006967780715026008,-0.002847434193588351
2020-04-16,0.008668613206844577,0.001803798224394796,0.0009530969708906585,0.0031895431428777925,0.004773280628611862,0.015296254856836682,-0.0030180275828509333,0.006227765551384974
2020-04-17,0.0008994366026299362,-0.005995817902543822,0.016282855019872894,-0.0008148099986666881,0.011341400491063436,0.010562895649979743,-0.003415342379654489,0.0037805853892360266
2020-04-18,0.013373227542211872,0.004561893783552496,0.003461225812927433,0.0064571787978246675,0.009218695275396056,0.003737733220784605,2.4028964231337252e-05,0.0040630886080048395
2020-04-19,0.012298663525518548,0.0019518487361192079,0.011799733876571725,0.0003383015110429394,0.026003597485221824,0.015360180012006107,0.005965825791310005,0.006974944587254037
2020-04-20,-0.016344961180201158,-0.0031222661069830143,-0.039390685731369446,-0.00782238486634378,-0.015179036600419499,-0.03379404450621158,-0.008678746607281945,-0.002757590724746883
2020-04-21,0.0014882780143023557,-0.0029067534191833727,0.002385929505600238,-0.0033959854618391804,-0.007919651805567007,-0.018358298448763653,-0.00584155770442048,0.003678324192505639
2020-04-22,0.0015812290068333873,0.0012421113538941733,0.008368289091711226,0.005652938471813207,-0.00447006680195228,-0.0008660296072983413,0.006860131137429101,0.004213080692119745
2020-04-23,0.006846728571650317,-0.005268550456712535,-0.00873387416215039,-0.0007587942867361753,0.004776404181387495,-0.0027217973818781157,-0.00990815777253043,-0.0042466930498113835
2020-04-24,0.0022837881476942415,-0.005338593191543933,0.008516655920763217,-0.005469388560995707,-0.005852759724932394,-0.009870062759899304,-0.006901082675959435,-0.006537809434618024
2020-04-25,-0.017267129160947418,0.0003237448069575117,-0.015955175763959866,0.008428983963650764,-0.007517392664593344,-0.01025586675432112,0.0036257885892811486,-0.0023396397282910994
2020-04-26,-0.022879508571992082,-0.002130107619300878,-0.01878348674160174,-0.019085440404610077,-0.003921318199521333,-0.01681809779845987,-0.0014023630828267361,-0.004320315521144255
2020-04-27,0.014854250295202182,0.001498347108647616,0.016783022739022543,-0.0025479310776737947,0.0015785341385441789,0.014577722932612152,0.0007673352252982401,0.004318748211810583
2020-04-28,-0.01764871819593597,-0.0052757622213887145,-0.035142602331437504,-0.0007333025522347669,-0.014355167448244631,-0.01147717657912187,-0.005382584126328846,-0.006854399335980335
2020-04-29,0.015596746676916589,-0.0033453055907997752,0.026096603717443413,-0.0036233714793348923,0.012947000108469366,0.007343281729999641,-0.005821969126454959,0.0013536060555312634
2020-04-30,0.004494311015891881,-0.006846722950062242,-0.0006367689774171178,-0.009716531020894623,-0.007911137576463053,-0.015955209934627915,-0.003065621490713909,-0.004380663827300227
2020-05-01,-0.00494037541146641,0.007819164756903604,-0.006435102395988849,0.012461816337213017,0.003949828675194859,0.0052675323260364,0.004106567857164139,0.0014369644422667419
2020-05-02,0.0004820088145926926,0.0018620932721169524,-0.015418359202487221,0.012537285755132231,0.0225543480565258,0.014456132052355781,0.001086933084769645,7.474073807355608e-05
2020-05-03,-0.0010447050857268503,0.012605051612340034,-0.0035065151090687688,0.0018937656378188881,0.007116742718204536,-0.003751643641146522,0.009670893360849503,0.008664378007266606
2020-05-04,0.0029340884163288287,-0.0030595659631883717,-0.0032946079957232545,0.012739922590397197,0.0077722432601917265,0.004882428603566343,-0.004634110201855862,-0.00251210583605546
2020-05-05,-0.009109282503912646,-0.005877315698778467,-0.010227845961136666,-0.0037464502158020465,-0.020069223198496855,-0.0199187385602174,-0.00745306752803114,-0.002629824095796378
2020-05-06,-0.014066450839916802,0.002521611553251698,-0.009154055922846323,0.007221864993952925,-0.006303787689694897,-0.020958419998488378,0.0007438083346501973,0.008026417363666808
2020-05-07,0.002652695126636237,-0.0033695628255221185,0.006094606908308842,0.005664737500337105,0.01250439912924092,0.008782474979412857,0.00262064826127696,0.0025465292598696072
2020-05-08,-0.01836909108489151,-0.00033834504353524126,-0.015648791892413458,-0.006029759576398707,-0.016121275769018083,-0.023584736500156512,-0.0050705708214471845,-0.0075372383448305425
2020-05-09,-0.007752903651883452,-0.00529393042085286,0.0001195023966150191,-0.015240217341253743,0.002631892429632956,-0.005210751036663744,-0.0012123815209258246,-0.0029772886940761726
2020-05-10,-0.011390614608514059,0.005974670732302218,-0.022598395854680094,-0.004311368376246984,-0.01674730261567459,-0.023105201797340037,0.0016826440989895657,0.0031567795960119127
2020-05-11,-0.008970317116424794,-0.006468391405872514,-0.010254746319313326,-0.010563956879843472,-0.015459235724871815,-0.02255512885905084,-0.011040284103192136,-0.011247312153719945
2020-05-12,-0.009903859962710938,0.0013756290800669513,0.017245270173402657,-0.0007140763434472083,-0.005423763160581277,-0.0028684646760553296,-0.0038270817438265307,-0.0009734989422429497
2020-05-13,0.0021250103670877405,-0.001268732523932404,-0.007492641350184432,-0.00034313083107362813,0.016358147119468678,0.010577231917746718,-0.0010010003578054605,0.0008507070280438593
2020-05-14,-0.004104225642588043,0.005756949246644307,-0.006960460496098834,0.00046459625918318404,-0.0017245091302678878,0.005783652248423311,0.011369665964422196,0.012316891381423134
2020-05-15,0.003242945131278588,-0.00029599859037160827,0.0012938950920960274,-0.0028721560774289424,0.0172291685438927,-0.0003982739256067059,-0.0031097315502127258,0.005228185358405772
2020-05-16,0.0015997846677866816,0.0004272237407550109,0.003208240260574377,0.005099754009045649,0.004196230260436007,0.0029543793596859117,-0.0020629758282047893,0.0031386857768169016
2020-05-17,-0.01785406668716447,0.007435057182068833,-0.00514163861403065,0.011041235103028471,0.009910738979162545,0.0013850674481546543,0.008608159355146453,0.012994090519463748
2020-05-18,-0.0023022977300752,0.003703802309201063,-0.023141887190305004,0.0022631052855582464,-0.014380073615462325,-0.009396322863637023,0.005654391703454706,0.003363786639967
2020-05-19,-0.007448059141270131,-0.005454099860488452,-0.004070687026988065,0.00441232273097528,-0.005206402316003422,-0.01982601018424135,-0.006310845761242696,-0.0024665157466662695
2020-05-20,-0.01213769410358324,-0.002062060033183725,0.0007525566522593184,0.002230630596036079,-0.020109316918577435,-0.0189683930883414,-0.005624398467953861,-0.004948375114782134
2020-05-21,0.0033866460454898507,-0.002316602588379693,0.005321376632380174,0.005313031424916947,0.0034257038675329743,-0.00706543989859157,-0.0017868901017925906,3.1775882076798945e-05
2020-05-22,-0.0060268790777523885,0.0039802821234324335,-0.024467161406166425,-0.001957979449411566,-0.003955745725574533,-0.015590074973547025,0.00537431147203747,0.0038734397071940666
2020-05-23,-0.002449912234082238,0.0001488244156481451,0.0031829574270258094,0.01204656879173038,-0.001702634339946252,0.00769355858003147,-0.007446316482670226,-0.009069155160533452
2020-05-24,0.01344520915439535,0.011348441213482713,-0.0006765714046840869,0.0028602754425806954,0.01268350952505908,0.003166632544045214,0.0108613498140309,0.01620047066354668
2020-05-25,0.03489241434748316,-0.008885060667500194,0.04194472713687406,0.009063719367008397,0.007874583501042781,0.030818880577884497,-0.017540978534703777,0.00022984789179356367
2020-05-26,-0.0022104855049028247,0.00029281730115572087,0.0012839637316456238,-0.005320785201172028,-0.008036353996713175,-0.013843591188964452,0.000848319364809865,-0.003588618907602893
2020-05-27,0.019296972917998634,0.0025257969654916665,0.016901689069142096,0.01061921824723885,0.011698685300717573,0.027891019715869374,-0.006679084683277716,0.0037882055986754684
2020-05-28,0.005797862022720451,-0.002039757381640396,0.019698083413334705,0.002150296110028493,0.007393538897929307,0.013920242160067094,-0.008424470418645066,-0.004779813834023832
2020-05-29,0.00755066674662006,-0.007897016644271516,0.005085677656634341,-0.001274889929758131,0.009671532207197448,0.011250539880057706,-0.007901386958143531,-0.002715728827385832
2020-05-30,-0.0008247800706279989,0.0030491642117871096,-0.003822285092441603,0.00027250775909606396,0.00403642906397149,-0.0023426209566970433,0.002435455271738783,-0.0007843236534534138
2020-05-31,0.020005810059884145,-0.008641469699901191,0.02512486049196898,-0.0030664947450033705,0.003802343702211271,0.02039705870272669,-0.008040492484423784,-0.00534170728123775
2020-06-01,0.007571187748101787,-0.0025936260187551952,0.0070294524363475825,-0.011652159864191288,0.017291176925842727,0.007503759038789332,-0.003417218670044277,0.001861596243964526
2020-06-02,0.0109205910212839,0.00351793560606538,-0.0009011802130654537,0.006686133835893283,0.0021759622166291153,-0.0009521067211175217,-0.003236187093191574,-0.0001272430081543028
2020-06-03,0.0024268185731292128,-0.013756554480016447,0.020326370269647214,-0.009212995021947746,0.003413394993740068,-0.012128620350097446,-0.01584344786663161,-0.007538690599609841
2020-06-04,-0.0018598291880530028,0.0010840594766703326,0.004288397710459101,0.00251010321956532,-0.0001828768600284925,0.013899895163145227,0.00038088997100306016,-0.0015427377361175243
2020-06-05,-0.003184184961087312,0.008617394627629676,-0.014794894846330958,-0.005959051586215915,0.005507325425545538,0.0037219225762279563,0.0070884018786984675,0.009861709092250669
2020-06-06,-0.014359625496408414,-0.004221506460101174,-0.019052347585766065,-0.005915328898677328,-0.01606160749012128,-0.019988334423243447,-0.01024690325049452,-0.00623305468300115
2020-06-07,0.0008902686051534615,0.0025139737924662936,-0.01443392462451569,0.005337420750665799,-0.0021223326345904342,0.00699990140204236,0.0035816473166902286,0.00805822895913197
2020-06-08,0.010660597706319178,0.005897641110446006,0.017359184486349592,0.01621629685295465,0.013536351696827867,0.0036112717456641547,0.0031589998957530312,0.007619203614300235
2020-06-09,-0.004196638968417345,0.002479997285141463,0.0010006940041436814,-0.005240394221594148,0.004197418568769744,-0.0040788335586366695,0.010344417461921482,-0.003136142653303799
2020-06-10,0.009291778644779317,0.009150956565302714,-0.0012508645290847903,0.005362842571792792,0.0326155274222608,0.010789551130342271,0.009649169468329126,0.01198854233588169
2020-06-11,-0.0034986282834564256,0.0026868577165786675,-0.014867166742072295,-0.005662535336159888,-0.007080993446033283,-0.011257539038701128,0.0011131983784737438,-5.8748187366820776e-05
2020-06-12,-0.004401267717941091,-0.00029098682701700666,-0.012279830392260655,0.007144642452340875,-6.135092523894899e-06,-0.00691452232011264,0.0009731281238741293,0.0018322283693366262
2020-06-13,-0.010743862893338316,-0.0021169435194293837,-0.013487424129106673,-0.007300730998998834,-0.023501193007518493,-0.011758070578139242,-0.00010658099361137844,-0.00692310099295352
2020-06-14,-0.006577335038351048,-0.0013349698784613476,0.006965324804554019,-0.0035682063030045954,0.0017793269258143207,-0.001999785481118897,0.0009146678247834057,-0.00598141091327245
2020-06-15,0.019501533965697926,0.006432116755318427,0.02155616765086398,-0.0016889267220735991,0.012880950545649148,0.00333977657951925,0.005337869655201914,0.00837379448661762
2020-06-16,0.004733368424300874,-0.0020239573549852893,0.00547228701937319,0.0037539280984893566,0.009197466358978456,0.009530317111558889,8.089769569546052e-05,0.003164360433266159
2020-06-17,-0.012436945541447721,-0.0010821334564753316,-0.03025047814361229,-0.007716651494260535,0.0054989814368726865,0.0035866166172520684,-0.005551352833459133,-0.010212384169229562
2020-06-18,0.00021435815187039402,-0.004268202301296484,-0.0036796689801439474,0.001810003330207472,-0.021711679950637684,0.0021825603713960555,-0.0020395389602395884,-0.010217497343415923
2020-06-19,0.0006385362761338413,0.00020007116944505718,0.006969115340592602,0.006426311963661951,-0.005948402918596507,-0.0014749450369298414,-0.004177529604818984,-0.0025066667449503656
2020-06-20,-0.004981861583919363,0.003389723481142859,0.001348801694388496,-0.007156390854778733,0.01657117563191632,0.009345583176425441,0.0040061289727904995,0.007751156376644692
2020-06-21,0.0036849880701087375,-0.0033489310926474404,0.01673527055550376,-0.006319133773760046,0.014030815158149626,0.0017229125111439209,-0.011583060136143134,0.0033306920292047186
2020-06-22,-0.008226694009360281,0.00393616305025479,-0.0016883364426491616,-0.00850380103778439,-0.001173331791858059,-0.01885625379123437,0.0032669733813210484,0.003117724819829231
2020-06-23,-0.02164812339432246,-0.0024325133478221416,-0.024288482101743746,-0.015354656441552166,-0.019498641512832614,-0.019469965044288568,-0.004216499888739087,-0.0027749879660280944
2020-06-24,0.009299696481608003,0.0007977867920338472,0.023028621362679594,0.005303201655302995,0.012432476394548272,0.0023798941990084113,0.008048799724794229,0.0006821906357737098
2020-06-25,0.013224483717699992,0.004064694324516999,0.0029195676830655057,0.004290120906716507,0.0053484748084650716,-0.0049635797437557845,0.00701532764174358,0.0061346191692852855
2020-06-26,0.006009090946545736,0.0061374504117770535,0.004562707875285524,0.0007790242854007475,-0.0006220689909881478,-0.010919747078640143,0.004321808320723835,0.003613161975394419
2020-06-27,0.006133974487029114,0.0122412117871842,0.006311568787557695,0.01674341347437986,0.00863625446482946,0.015618971796723424,0.020157547301225646,0.01604067855828124
2020-06-28,-0.0018326612403668794,-0.0012296523956397132,-0.01804397336940998,-0.0024527318850240836,-0.004739952756956098,-0.00935120403901514,-0.0010983816226544335,0.0025468969841885127
2020-06-29,-0.005083839690657772,-0.00467955851221886,0.002674508141123035,-0.0006602990804486393,-0.01728247457303529,-0.008827618917734188,-0.002470976146231014,-0.006590994848313217
2020-06-30,-0.00022312191839773455,0.0030945146011253366,-0.01867371175179308,-0.009084683392811705,-0.00363965870003646,-0.023905675988183307,-0.006233773121133193,0.0015871574781759774
2020-07-01,-0.009460626416146057,0.004174350387050722,-0.0006021418239343953,-0.00644012428482237,-0.006341368951273675,-0.015832734438166,0.004953967679793163,2.3873733599141632e-05
2020-07-02,0.009363978390035521,0.006843464071613085,0.01516640850393593,-0.006010551511518662,0.0009263958668282778,0.0013362105872789139,0.006240515234041722,0.00990625281456346
2020-07-03,0.0035163254774237844,-0.001103680525347057,-0.0008293115468389355,-0.002197645534282573,0.006499552625457419,0.0027668093207923804,-0.002855087534849545,-0.004592141905880176
2020-07-04,-0.0006285834200432066,0.009823266305160819,-0.008025168459110343,0.003138538232108958,-0.009787469825826203,-0.014552465189618504,0.008728055290162594,0.0004666288421649765
2020-07-05,0.01590462955681109,-0.006860500352268901,0.02655711439418081,-0.011271179578035586,0.023876880415500998,0.011384509004583326,-0.005725374321386656,0.005462447392415519
2020-07-06,-0.01646794842896269,-0.002825829340221541,-0.012689663416718422,-0.0102708003488268,-0.02115419897940091,-0.036546514734185055,-0.0017060316339944468,-0.007728526926056799
2020-07-07,0.008505658756439658,0.004766655434965393,-0.0014176956873169643,0.0010910863849605264,0.00793858741297461,-0.0035763315324722532,0.005477104361413118,0.0019128050454668352
2020-07-08,0.005963941456939419,0.001551151485659173,-0.0035769929214515524,0.01872633233749571,0.016346602381488762,0.010706187635324207,0.0074529325848396825,0.00442763886291434
2020-07-09,-0.005656447561768155,-0.0069743716333412415,-0.013284802986022361,-0.005589803193147104,-0.02015193185089036,-0.012155528027995747,-0.0067570305099329524,0.0021801953634143683
2020-07-10,0.002158367843665239,0.007425621719570018,0.00021912386237723093,0.014416798104214847,5.887653999132479e-05,0.014106291563737668,0.004819325960742674,0.0018907901310684246
2020-07-11,0.00035133666697660204,-0.0022561664786494187,-0.01537557738132711,0.009166422002838424,-0.01787680573500175,0.008296503653166185,-0.008789864505785006,0.001829084808346249
2020-07-12,0.010776994513581514,-0.003457234274443312,0.007356472106726044,0.0024283446767391983,0.008031320796078935,0.00641619341452431,-0.008541632254967431,-0.0028096357034155736
2020-07-13,0.0013065501293077313,0.002477504674255239,0.00809722025418204,0.008973024130079667,0.015517205547799244,0.012414655257160317,-0.0009129763750810919,0.007645878246017999
2020-07-14,-0.00420225913753559,-0.007467770322066059,-0.009948530445765148,0.00214641656140045,0.013589538437374283,0.007887540825271403,-0.010351224693619966,-0.005460535984881156
2020-07-15,0.007664336277985082,0.006093365503128419,0.022173292583066644,0.014146365391647589,0.009971897253120162,0.022767776820881405,0.008310184102567137,0.007958874937534053
2020-07-16,0.022090362898181358,-0.003050523825776805,0.02546265715528682,0.0051555657279158465,0.007932267691849166,0.020508380257254474,-0.004958593570682577,-0.00453752353803823
2020-07-17,-0.0005203457467984137,0.004950714665287367,-0.00038870982231998315,-0.0065177273009458855,-0.009687738762154017,-0.004575397430335972,-0.0013176777436781147,-0.006754537559959221
2020-07-18,0.005027589225878372,-0.009473350644763973,-0.00805267798825136,-0.0003711886568266357,-0.009376430872211948,0.00132245257618726,-0.01922549280742003,-0.010784341056683694
2020-07-19,0.0008856177535470013,-0.008545495622751973,0.012306133654341023,-0.004640585756231299,-0.006987781673205049,0.005379576474438279,-0.004444629641297338,-0.005079833590735573
2020-07-20,-0.0030372353783253334,-0.007530719126677566,-0.004993859038614414,0.009745763305256332,-0.008585359497146092,0.0005029735627138971,0.0012167831738729268,-0.0008087341003465445
2020-07-21,-0.010963254123399045,0.0012899396608406777,-0.006771035730713424,-0.0020325454785921388,0.008105566893763462,-0.0016704049071546744,-0.0011732977431437967,0.002140366323436023
2020-07-22,-0.01118823593178611,-0.005128026946497242,-0.018336086170365664,-0.015905654204469846,-0.014530979544248136,-0.02902761339699901,-0.011584121033811349,-0.006621970101631685
2020-07-23,0.00844953273238233,-0.0004250894191700329,0.014121825760889321,-0.00560427342508942,-0.0014553930628184314,0.010769286205530568,-0.007520351679184254,0.004161589997704651
2020-07-24,0.005639137186279276,-0.005131335179974055,0.00817375236391694,-0.011801346537492728,-0.004279355252281339,-0.0030581739111852514,-0.002587289482274671,-0.003381095084023101
2020-07-25,-0.006159440851505398,-0.00607186157291951,0.006372149273069468,-0.015286515486679836,-0.020375807460471556,-0.025538008663158925,-0.009027784260606096,-0.0073369897683515555
2020-07-26,0.0013161977027520294,-0.0061043660709782606,0.005978415056209848,-0.004020116242535822,0.003831459263921531,-0.00927726940257166,-0.009521625973420593,-0.01452714449831073
2020-07-27,-0.009599190292131797,-0.00458486248909275,-0.01893735026671585,0.0004193273188387557,-0.012247143157638756,-0.012884423771253163,-0.008570155512103293,-0.00719936653011341
2020-07-28,0.008203379043236281,0.008784999157853812,0.002342515387702648,0.013029466792587355,0.00391763233419471,-0.0011841528647027286,0.006080740263986885,0.012616309944886618
2020-07-29,0.002134345884107937,-0.0027926845906231105,-0.010642749108685871,-0.007621654706113399,-0.001845472399762145,-0.00016860919307273072,-0.0027389327794684237,-0.003647800629781402
2020-07-30,-0.007881176133537473,-0.0021614356963378673,0.0002198065657260224,0.006220468262723255,-0.003186504752146489,-0.004449517297546577,0.004878207426872825,0.0021088482227441616
2020-07-31,0.009802650867255843,0.0026345839801869037,0.009599239856765666,0.008200399920946223,0.01295064465394701,0.011145667554815938,0.005208283421061888,0.009038955284546698
2020-08-01,-0.00817945124745219,0.0025502832689889045,-0.002706792974347731,-0.007469195244640403,0.006824731424816346,-0.010926821230773919,0.0023513922519981675,0.005677257503256235
2020-08-02,0.020904573978732677,-0.0002809670174105227,0.03309419281318359,0.005943237331596772,0.018193926903563886,0.026496240928524283,-0.0051540952892840525,0.003079841958521826
2020-08-03,0.0014867912259964554,0.0018603988622424433,-0.008796053091205801,-0.005755498952510924,-0.0026114512353271513,-0.00871745239193114,0.006414448738520475,0.002296198452169222
2020-08-04,-0.0012656516439422641,-0.0029252668442786545,0.00924835490459753,-0.008535932701630637,-0.012432464679695849,-0.007044487076203838,-0.01072166653975074,-0.005275329933669969
2020-08-05,0.007581516586855842,0.0054517357685665594,0.009158921246700317,0.0032177271946804303,0.02280963866827017,0.008068268413878822,0.011049359832418896,0.01026243179430374
2020-08-06,0.016136819956780325,0.0033420535517343177,0.014557498589833373,0.003838583202296968,0.010302155747246033,0.003573387135297619,0.00940981997009727,-0.0024021019997056926
2020-08-07,0.005732633671303335,0.004991677029014593,-0.004273869838261403,0.005283054793604821,0.01987069973129283,0.007834263842656706,0.0075403230353771715,0.01566552997838895
2020-08-08,-0.017338154116739526,-0.0038894208283090895,-0.012728431065668861,-0.005544171888107819,-0.02811522615633033,-0.015492140877419817,-0.006793233136082549,0.00014715927063154664
2020-08-09,0.0019093568842479484,0.0019356839608634378,0.0018454754892765482,-0.01091581357118954,0.005728321765274088,-0.006892663006440249,-0.001181714408934388,-0.0034990494041795823
2020-08-10,0.0071813012939976936,-0.0006922514171018036,0.00554306801236689,-0.0006602226644944038,0.002126528138670826,0.015022980418906491,0.005402753247735452,-0.003835900731382762
2020-08-11,0.0036249819197467633,0.0030534905148382353,-0.014006348491422679,0.010934792276103262,0.0023245794742223396,0.004743730815254039,0.0054753695490882565,-0.002168495231492115
2020-08-12,-0.0005309455487796182,-0.0008320958644831867,0.009586807094540229,-0.0011766037765611728,-0.005776755623090355,0.003701582903195166,-0.0013552330399008525,0.002057719347178387
2020-08-13,-0.02257469787170495,-0.004893479559906662,-0.024555684449408696,-0.010059320351264014,-0.026461680290720147,-0.00965579268679575,-0.0003380404041019811,-0.00636033946732976
2020-08-14,0.018875252902900708,-0.0006281731420408845,0.025752967594934017,0.00879875874856269,0.01516279204622444,0.01389361146339407,-0.007837897351369588,-0.0014930151574584834
2020-08-15,0.018332171039961122,0.00585323447975111,0.02232750700908784,0.014109835877788569,0.018615982650563752,0.033493098690335586,0.0048428026058644,0.00532004159310842
2020-08-16,-0.001428246035417413,-0.0054266930685748635,-0.0015382478389736674,-0.008464320348633559,0.006299672917401235,-0.002725234473512166,-0.008431578186812614,-0.002202707486980841
2020-08-17,-0.006773810912187225,-0.002829508032546978,-0.012501426824216025,-0.011182070502287941,-0.008314953501205277,-0.008206238527313685,-0.003381127803418546,-0.004461831559669369
2020-08-18,-0.008104343197107082,0.004838499253240286,-0.010132038386914132,0.008031558635246286,0.010843975314539019,0.010498151251804783,0.0018845184078088398,0.006850098869334349
2020-08-19,-0.00427801834105416,-0.0024635862364818907,-0.013298383270034266,-0.01728076619665743,-0.0018755306533683902,-0.013212550447469062,-0.007423018618816157,-0.000856322350040935
2020-08-20,-0.00948166745618039,0.003448935084401578,-0.019428573841265895,-0.0055866214618854396,-0.011816896587814135,-0.017948012345621343,-0.003126023424560454,0.000994167048276168
2020-08-21,-0.014008010841195448,0.007595466627076512,-0.025537916517536334,-0.005155160806420369,-0.0015197393254551628,-0.015491983962808443,0.013508131173675064,0.002318557023148137
2020-08-22,0.00622978292719523,0.0052612100904611235,0.013093149416120033,-0.007748086509549992,0.005779184211796491,-0.006405018378415514,0.007437468155599096,-0.00202526619168425
2020-08-23,-0.003655849496102762,-0.010291675879428985,-0.004276054918094938,-0.008686781215913372,-0.016536650663036383,-0.010364601001804214,-0.011443514878578255,-0.013191992519585657
2020-08-24,0.004797027160967422,0.0037587812916394575,0.007934629594240074,0.0005265514551895273,0.003660158906264561,0.005424444133381864,0.004309533547949042,0.0028268632800278063
2020-08-25,0.003845464673490987,-0.003278199871242093,0.0184575550152011,-0.0015348029899551528,-0.005589773950740375,-0.0036417468661963937,-0.005256493638466948,0.001378507097800804
2020-08-26,0.0014199909085615872,-0.010271088555545645,-0.00013389101101425605,-0.003965668417918689,-0.006124737844451688,0.0132700900435812,-0.007664187557157582,0.0006108375235644893
2020-08-27,-0.007513078318271733,-0.0067323311781384235,-0.008471247560452488,-0.007136590840892762,-0.008486539217905454,0.002136171278488177,-0.009442906104483778,-0.009877239472305217
2020-08-28,0.01571339788631413,-0.00293737158600649,0.0314035396360801,0.012921070064497796,0.02322083826332631,0.020746532205163693,-0.004298512823192782,-0.010410369547307898
2020-08-29,-0.008699718581562719,-0.007958200837164713,-0.0025703168926674027,-0.018012053896567588,-0.014838272208308367,-0.0136490303930343,-0.01991981625204728,-0.0042168501429315575
2020-08-30,-0.002036774525356956,0.002658698696192239,0.004880300286694993,-0.0011128829416861613,-0.0047362048965222505,-0.009029065539284634,0.002413759635624156,0.0022294526908126487
2020-08-31,-0.004574558602888745,-0.0012843357072077357,-0.008055365468502116,0.0057160830389188805,-0.002747520918197062,-0.011186216009984066,0.004664573524352631,-0.004409015009284343
2020-09-01,0.019869469351442313,0.0022535238583681148,-0.0018758202247762179,-0.00792026434164776,0.01608645553132255,0.014970164558064459,-5.9024535207222246e-05,0.009236820555087736
2020-09-02,0.002125429395813452,0.0012987129036664046,0.005123044913711917,-6.374812458964494e-05,0.003218496117480154,-0.005356584792026465,0.0005950446609944153,0.0006481212070337402
2020-09-03,0.005685621710475406,-0.0001939051392909626,0.01356785513296182,0.009567022580477378,-0.019042342338568524,0.004384018250759283,-0.0017940239302603397,-0.002043503922935976
2020-09-04,-0.012723770301687212,-0.007707427453587149,-0.00773608019373528,-0.01398881705429931,-0.011013192604417316,-0.011397569226058146,-0.003665955949792842,-0.009759406395128926
2020-09-05,-0.004754679937307943,-0.0012924570153551944,-0.007169876592662207,-0.009702106838671521,-0.01033243703312154,-0.015929150900113362,0.0005675701296358515,0.0025765515851543298
2020-09-06,-0.011994543934781469,-0.0007175236191720741,-0.007026560287894131,-0.01091606159023615,-0.008102044579003032,-0.020400030368705753,-0.0021562777759303203,-0.004544219496094423
2020-09-07,0.007250691949847581,0.001674942429493876,0.003921670433428596,-0.004442532844757645,0.004584609972685449,0.018053088215637655,0.0004478513604756699,-6.960484718511448e-05
2020-09-08,-0.008745010669772098,-0.008095182999986458,-0.004266084915657231,-0.008505953660117584,-0.012189985292822173,0.0010067963983141435,-0.011279402734138326,-0.007558551270341416
2020-09-09,-0.0008002268557528495,0.010426283721893711,-0.008243771836151433,0.014094314917066251,0.002519742917876362,0.011365775126001336,0.007160643641490909,0.012063869629783347
2020-09-10,0.025636920980485388,0.01163511418643659,0.046702500565239266,0.008183767085346419,0.032672734076235374,0.02683546957120313,0.00993408968941016,0.014911108131521895
2020-09-11,-0.0046980672433505274,0.005069148634739138,0.002170797583223637,-0.011008915364376837,0.008079027128322034,-0.020128326602041387,0.00023743666295082948,0.0007490086808727255
2020-09-12,0.010439758834580712,0.0011594634465565557,0.0023144330641797703,0.00033037592937711633,0.008946868705074164,0.013043539171943707,0.0004323698282327196,0.0024224537693760756
2020-09-13,0.004379769394354798,0.005295842232586009,0.008050926596949667,0.0018620437491346984,-0.0035378304105873762,0.005066410859604264,0.007572671846187249,-0.001626282482296728
2020-09-14,0.005318790099499482,-0.0009909590052878889,0.01484618145566628,0.0014285684973628311,0.003015582968391736,0.00012386284792885221,-0.0035030840477417472,0.0005177668547445593
2020-09-15,-0.002190514607260636,-0.010271668513866948,-0.01373184098849357,0.006820975119454488,0.004555874750728607,0.004509413090874999,-0.01456867007442235,-0.003248073036453874
2020-09-16,0.004474455117580012,-0.0018282202823501903,-0.00233463705553288,0.0026849088660019942,-0.0017342280236350633,-0.0004987204544015008,-0.0062832713271965095,-0.0028059673860646255
2020-09-17,-0.003581809868609134,-0.005735906044135992,0.0028567424745813983,0.0022189219307080553,-0.01249371468668897,0.013539099816164664,-0.00565301464831732,-0.009550432041590274
2020-09-18,0.001739470973778227,-0.0025256500816978732,0.02057437045367554,-0.002855021322754108,0.0008568881493347773,-0.000864869395128525,-0.005063382625304823,0.0004990790687547898
2020-09-19,-0.011866334752197383,-0.005529913493549545,-0.018091545184526638,0.000515491447372364,0.006664633244517679,-0.0018554490147625203,-0.002196303096585446,-0.006217652976650804
2020-09-20,0.016625975013441978,-0.004853559749038973,0.023353820278274588,-0.006193490345705899,0.009687640444817293,0.011915397729207121,-0.007984185874883804,-0.005731356951738969
2020-09-21,-0.003324709504212618,0.006233085670719569,-0.0037362262160144915,0.006481521752755765,0.001028122586319787,0.0021893636190936133,0.013314249168522108,-0.003531346312503168
2020-09-22,-0.01569030859950062,-0.007299643944522689,-0.025855666071552718,-0.010393352206155969,-0.02706878111282033,-0.032133995733342975,-0.0034711495951241667,-0.010674950306247686
2020-09-23,-0.0016550677522850997,-0.0003513188474959884,-0.0026115546713740504,-0.0021079937473382233,-0.009314539379817355,-0.014713512329506103,-0.003104845021024311,-0.003295145024370284
2020-09-24,0.0020047892418785713,-0.008914842148259203,0.007212364896629342,-0.0017678857568025888,-0.012905535315610735,0.0033548134618799643,-0.011895583075249265,-0.008537377957456332
2020-09-25,-0.0020480694813247097,-0.012349200746048547,0.012558248420329142,-0.003836109794860801,-0.004799767521106079,0.008805382330465704,-0.009100298403939907,-0.010101552032386623
2020-09-26,-0.0021707907148508167,-0.005901802239819102,-0.0008752316776511072,-0.0016066751077510749,-0.0028577296211105886,0.007841201544767553,-0.007613734263124513,-0.0007313830826769038
2020-09-27,0.006473937554915984,0.004405996109808772,0.021155628451859896,0.006762919842668475,0.018183578120804133,0.004634477209977407,0.001000923194501604,-0.00032534650925828215
2020-09-28,0.005997855980229618,-0.0012250012780579845,0.008854388590094539,-0.0006379602020417994,-0.0013569813968336006,-0.0015052442592336057,0.007666806136606848,0.0013240249548925527
2020-09-29,0.015420647736396221,0.006118543727041937,0.028507818363859194,0.006255947860303417,0.011813400106730673,0.012548815317799184,0.014105217348204309,0.010169993862286423
2020-09-30,0.025998981198434707,-0.005899482623655812,0.03395601479761005,0.0009209442346330553,0.016011628931657123,0.029640088807337452,-0.005859854310585844,-0.00810068251397599
2020-10-01,-0.019362625425450825,0.0005402457057103053,-0.03393765406867597,0.003110476623511667,-0.016696819177343825,-0.020722713498516846,0.00412413593907059,-0.0022034927337623465
2020-10-02,-0.013765089471004868,0.00021960429274223752,-0.02298326640621423,-0.005389292579501989,-0.02639098951460158,-0.017703985985397897,0.001389357201918761,0.00402341211741671
2020-10-03,0.0003701220468794452,-0.004601755569731678,0.0027077089069397486,0.002594710897155671,0.010284856786096702,0.005178158433854771,-0.006109419552091384,-0.005067263780965481
2020-10-04,0.002617216186151425,0.008419279103345657,0.012697507127611994,0.0024822065541390322,-0.0004126823985765551,0.0003886843438967286,0.011326740421385768,0.010317396111018402
2020-10-05,0.015743608951230965,0.0021483378971756794,0.018481367994286645,-0.007547652290820035,-0.006870591711423868,0.004494644916743873,0.008198817646046143,0.002178035515798587
2020-10-06,0.015070077246248013,-0.0049401747329227055,0.03032770034811506,0.0007381188086509694,0.022316553672056566,0.025165489851830057,-0.00441306314042427,-0.003163570881699099
2020-10-07,0.002543099415842144,0.0070249608157227335,0.010457361003799901,0.011398658748737552,-0.012795869970674821,-0.009918971248770652,0.005178277083363626,0.0002919954118840185
2020-10-08,0.005482180566021145,-0.002015145552204251,0.007367588304635898,-0.014036559781626167,0.0058071449134075035,-0.0009490382033967518,0.0014591582987740993,-0.005074927316888834
2020-10-09,-0.009739335285700706,-0.006997841244397349,-0.020848000666208826,-0.0023175075646175796,-0.0011195168585555445,-0.0007973959414914605,-0.01715449430057064,-0.00586159343258149
2020-10-10,-0.004844683401348762,-0.0087328330900936,-0.004773589500876002,-0.012057590143262556,-0.006983000957927395,-0.004235698107438132,-0.014136488091473031,-0.009667419489873387
2020-10-11,0.00021801307840652962,-0.0042524949111812215,0.009602001438455415,0.00830600553514213,0.003560484128029937,0.015650211657561624,-0.00524601977807617,-0.0011250780079198187
2020-10-12,0.016737545901391065,0.009130475324079417,0.020262779565013406,0.011517292985618006,0.011186374587278903,0.02344842660060641,0.010001037953951877,0.012708160686309717
2020-10-13,0.007136043946953696,0.0020667845513478926,0.024448062606062877,-0.005063584636385769,0.0037212066297534186,-0.006148101660830513,0.006788373957017996,0.00075845993782084
2020-10-14,-0.004035291120503591,-0.003158315529521228,0.01007083201442374,0.0030180979779130183,-0.01691411119064291,-0.00896802664732762,-0.0021012791637892436,-0.005381833712023962
2020-10-15,-0.006272302282002507,-0.012646548587692225,-0.0023221735002713047,-0.016514684792177676,-0.03289442565153707,-0.038041378633557596,-0.01043203971637853,-0.01112720034135705
2020-10-16,-0.002758737839386252,0.002542471272614617,0.00497153947754232,-3.3609497489348365e-05,-0.0011357805613887583,-0.009586243672488703,7.172697157936764e-05,-0.002445122225345474
2020-10-17,0.002004635758197555,0.0001552688728970295,0.00017866892370327824,-0.009661189800047617,0.0017030569630485212,-0.015255844706540156,-0.0005248002950376771,-0.0040603676458078955
2020-10-18,-0.005482548116487632,-0.004503395521978322,-0.0036330665630376676,-0.012871843458462371,-0.011620010968440533,-0.0050193823205889904,-0.003072797390127323,-0.0014416729915788832
2020-10-19,-0.002770279547670551,-2.909191793595275e-05,-0.005177965124558799,0.0033548300580158513,-0.007822536638059789,-0.005880032233383821,-0.0037230694985243124,-1.695814534234197e-05
2020-10-20,0.018629486549084525,-0.0032825531848159717,0.03633379619719745,0.009013867227077567,0.013205676038800388,0.027225473425877677,-0.005382092565096306,0.0032854468233078685
2020-10-21,-0.005146647506798972,0.00677029273276571,-0.015397514820197269,0.002617335512255553,-0.000995334512409157,-0.009291796308921414,0.014255056873371823,0.0015119299527648106
2020-10-22,0.012441394644340277,0.004267814964248829,-0.0036067760476954378,0.002509955554685008,0.02315659608663527,0.020122874271429947,-0.002378473101739474,0.0006057956206740988
2020-10-23,0.014085503504976135,-0.005262882019685002,0.022739685717701675,0.0015634638530246491,0.0029278216455060377,0.012253378667533857,-0.004881294254147675,0.003091831541841682
2020-10-24,-0.0031774052477446645,0.003358455944074367,-0.004377456847023963,0.0015940673409099205,0.010473106410030047,0.013079058056157725,0.005414370194192451,0.004303251785465155
2020-10-25,0.0038250163200979756,0.0032293572086216477,-0.007001432519894496,0.011088275088612877,-0.00036719106617939535,0.002372100410484394,0.001565582387413429,-0.004713419298983645
2020-10-26,0.008487395536592742,0.0039823684263194745,0.016155220666415598,0.009320933772084964,0.0086402951038108,0.02906113747639973,0.006962393362331475,0.005095403747263786
2020-10-27,0.02554635215798108,-0.006742671173981056,0.017021114163201376,0.022039713554367305,0.0159041045638628,0.011721409164961233,-0.007371269564726932,-0.007891892824525204
2020-10-28,-0.025115056048590875,0.009482109459809257,-0.029812513829417363,-0.016051263080918837,0.00643431593299075,-0.02037964274354076,0.016705308279112506,0.01605626263802778
2020-10-29,0.0026539232839991028,-0.0010822659537049711,-0.0076699122205187605,0.012946072420061055,-0.02691580759412937,-0.017253370260319513,-0.004797860437495283,-0.0031363060647964696
2020-10-30,0.025743222341379948,0.008223137860229636,0.054739505031009716,0.017950815075932727,0.025911564377357046,0.02709294748584257,-0.001346467141906416,0.009650815661256144
2020-10-31,0.00835197472461581,0.009928057193310868,-0.0024493663798797116,0.004075283423314303,-0.003082761170801292,0.002355627287262911,0.001435345227181853,-0.00028919280392642187
2020-11-01,-0.024005789319252357,-0.019089858069490973,-0.03287841422604695,-0.03540184189274871,-0.03367588030796099,-0.042948192327525225,-0.027905488009294533,-0.021497916179654145
2020-11-02,0.004210890508044173,-0.006283184626937057,0.009428418916664313,0.015933921855474546,0.015256851990756977,0.038408229562259075,0.0006569061022680361,0.006051495603999575
2020-11-03,0.017789442642604642,0.009015583006523747,0.019986915187578266,0.0005045985793572009,0.012689973985425058,0.005974096935963684,-0.0009908806580485562,0.008300089367894751
2020-11-04,-0.015197369498619513,-0.02277698635828002,-0.010123620238653213,-0.00895939967708339,-0.018792084821076572,-0.023469291490655107,-0.0179168861755132,-0.005620574166625766
2020-11-05,0.024207304963482137,0.0104561823282285,-0.0030844689538636902,0.013378509998886713,0.03336086893546631,0.01964170333762006,0.019267894064647153,0.009058834645072369
2020-11-06,0.029995245609768538,0.007520648896032643,0.048065726303561485,-0.005836664461341495,-0.018495398497093033,-0.004073968969171572,0.011613352080714538,0.005409176551346357
2020-11-07,0.007663243123627756,0.008683656264855108,-0.03323733640866041,0.018808605218095745,0.006786362102142993,0.015321207142545397,0.01951416218479715,0.00598373904476782
2020-11-08,0.013749126765861031,0.010173867896849254,0.006320851648819732,0.009202894118262821,0.010366743468274165,-0.0034171749316980623,0.006626579309182685,0.007118760519671927
2020-11-09,0.010450040842382522,0.026699293039852922,0.03585725146705155,-0.0013416808730961302,0.03005180681002993,0.011568268986420013,0.04516634266964077,0.03370684516964545
2020-11-10,-0.02842302842142005,0.0022619872792637333,-0.00866135053188347,-0.003777587248032013,-0.0013955303519099615,-0.009154401586879211,0.002180045759083211,-0.006849496526034781
2020-11-11,0.013286391879634502,-0.017227877580696573,0.04145611250726058,-0.015380198348278133,-0.02992156613510221,-0.027937660538581734,-0.022959768502236057,-0.012060873481691402
2020-11-12,-0.046428632273206955,0.00432906374600458,-0.05986303179273496,0.006640782805404354,-0.0389109223851744,-0.04302791344837668,0.008435212010370027,-0.004969745542880698
2020-11-13,-0.023833108939745832,-0.01377587812555637,-0.0142615670826356,-0.023150211625319314,-0.02119941204304461,-0.014097364268670977,-0.016218312966730028,-0.020683134879614637
2020-11-14,-0.02332656465247029,-0.010517576933354953,-0.06812494942721149,-0.008932904410313091,-0.049344106779453445,-0.05739131961663004,-0.029002178876858128,-0.03281856036202446
2020-11-15,-0.02934186884298427,-0.013425120001416827,-0.05093470843760204,-0.04476528305880989,-0.035971154659743716,-0.031097810356288166,-0.0056940145701832754,-0.011000117795897527
2020-11-16,0.016956977632676316,-0.004701018749073962,0.022501134644074744,-0.0025596364020026084,0.024341585247250153,0.03555446792179941,0.0021103311452558096,-0.006883207040907229
2020-11-17,-0.019322786304311786,0.0032508892145304462,-0.022320563178843213,0.0011430142664445543,-0.03269889643612596,-0.006793601354592486,-0.009512062462285219,0.012522545535427539
2020-11-18,-0.01723975816241996,-0.01235516952913205,-0.02163797327834291,-0.026783102642238182,-0.015874933325207105,-0.05759601679538717,-0.008879624806976214,-0.007880665171041778
2020-11-19,-0.02456021052373119,-0.005920428440066917,-0.043445207310553124,-0.010827809719514905,-0.01587222856296929,-0.006032506328909825,-0.013375422584873032,-0.0022790795967489157
2020-11-20,0.003956980504066636,0.008153122575743705,0.007278151044803431,0.010650306216187726,-0.029310801033584424,0.012567055694597887,0.006370951299927924,0.012192950366650282
2020-11-21,0.035100485814276335,0.007852348000480196,0.054257309272237327,0.010994607348312282,0.01932898081317204,0.05960719119732405,-0.004039444844487848,-0.005216070682565634
2020-11-22,-0.009015113391052251,-0.007272177269418443,0.0003205036266360189,-0.010343833696249647,-0.04244518104154728,-0.02593195187434197,-0.004419228335237482,-0.002987874452145489
2020-11-23,0.020816709944194246,-0.001234100313355257,0.021796511494221772,0.0028150695767091343,0.03010685618664209,0.0008398334259581335,0.003502073293786862,0.010004920346056217
2020-11-24,-0.01166261822668353,0.011787423000927336,-0.012641961871485731,-0.002196128372096266,0.0023009045062964244,-0.016207690785244904,0.021449017946269296,0.015334395987108883
2020-11-25,0.010542829631355805,0.008496319695894892,0.006324087993730195,-0.005719201604323759,0.0013135919014063285,-0.029129551216582127,0.015733644953287048,0.0049712401247574145
2020-11-26,-0.03810669934577605,-0.0022894645517058006,-0.05165081156908822,-0.01772902561821686,-0.0384752174223788,-0.025340911072885004,-0.006856618508861173,-0.017003476553169666
2020-11-27,0.012173895936574385,-0.014098757343628636,0.0051131102092231,-0.013276389223766696,0.014054832118684631,-0.012386924591893712,-0.016272930542879573,-0.012063610236763736
2020-11-28,0.016331347451294068,0.004646124152090342,0.04402231630735936,-0.013726959705644635,0.01746616538852889,0.02594827310788202,0.0006046427371409938,0.004491041440803778
2020-11-29,-0.005199261700836176,0.0095335547522522,-0.0263005916735678,0.024141333105698583,-0.012154115395502211,-0.005850994674328983,0.01818656525886141,0.007466791139411934
2020-11-30,-0.020498300361902953,-0.00409649222487177,-0.011403634462952771,0.017798670678876038,-0.01634055756829463,0.018445970419728185,-0.004899978767256051,-0.008135631927022253
2020-12-01,-0.011656736846626305,0.0035949285593364615,-0.02238242526811875,-0.00515860236840522,-0.00042594747843402003,-0.017838766937034595,-0.009707269352906235,-0.0010868117608437108
2020-12-02,-0.01244320182874126,-0.017756729766870375,-0.014407073461032987,-0.010210132919888355,-0.01813398789102329,-0.012004228426017812,-0.014404889478776006,-0.010328307247458325
2020-12-03,-0.01680047928479221,0.0035098796369348035,-0.044147541938187235,-0.0021554762672309747,0.002266083941311778,-0.033834340101907785,0.0033590244806354775,0.02294387608023216
2020-12-04,0.016224770585771518,-0.00995255045792837,0.003644281299179192,-0.011657057995828975,-0.014137642820743519,-0.014649372523240401,-0.0023386340334234923,-0.006914264879995837
2020-12-05,-0.004718944424854116,0.008117626341316643,-0.030843233092897347,0.02996531755057292,-0.02087349023535505,0.0018994979419944828,0.011951628659500146,0.004135950880968596
2020-12-06,-0.040250873547834125,-0.017647850165090528,-0.057767595059774315,-0.0044773865602691105,-0.008254635961695875,-0.055436228162029574,-0.021768333794374685,-0.005763833312967343
2020-12-07,0.002343164172659822,0.013873726160544653,0.025152729620961555,0.003353345116800618,0.034433974243945335,0.0022549697413363472,0.008464182270799677,0.02649855644081224
2020-12-08,0.013966722686502214,0.007359389660276322,0.022269444762656274,0.0003416497454264701,0.009524030664540543,-0.013259494138864335,0.012104726712935065,0.012243055494990126
2020-12-09,0.040369405537790636,0.0030891735542095283,0.06555263129135416,0.03276064296674336,0.038057922733750395,0.07000933851799199,0.007905197415206504,0.026776881015718998
2020-12-10,0.00400974419299324,-0.0004841602163323812,0.013475371997974404,0.010922467245836114,0.008122632084179772,0.016001700234007588,0.007976653575069699,-0.005147013926926315
2020-12-11,-0.005066644871093939,0.007047596122750021,-0.023480012738896574,0.010911125922977733,-0.014729746671210856,-0.015784224857678806,0.012005298935084435,0.008801838899817267
2020-12-12,-0.002960439509433483,0.00265900216849558,0.016036336567524533,0.009257497499507182,0.0058199240122867694,0.024230924434744297,0.00624637093439812,-0.003438760334100777
2020-12-13,-0.00032325896467331854,0.005471684354178409,0.007720624875402309,0.009324731566735129,0.016663727100487375,0.0021028266598668273,0.0018608114409838336,-0.007311398927618662
2020-12-14,0.008076801065598676,0.0010202524260633963,0.0036898278386015993,0.010540528515727529,-0.0007083568459762165,0.03163466828032614,-0.004638739723954636,0.002406858846051612
2020-12-15,-0.010190937301658307,0.004071938197864186,0.006408968263046994,0.022226693974003838,0.010067825771357458,0.021852294497236798,0.0111635743416426,0.0018205578671338385
2020-12-16,-0.005470636375722115,-0.009150293494005987,0.04345642294546291,-0.017926620539858596,-0.03573875202417205,-0.01306247467296862,-0.013292943434961126,-0.018053600521431148
2020-12-17,-0.024364745545964024,-0.006230330630351022,-0.024868937965733202,0.016632145212259326,-0.015662134904151814,-0.021149029566074576,-0.010466759618637,0.008519020041424432
2020-12-18,0.0019700616007340705,0.00590833901455641,-0.0065008621340681295,0.0050524270651551165,-0.03578179103516899,-0.00421752367987933,-0.0018133642997497706,-0.0029992553208927886
2020-12-19,0.00914331926973182,0.002994155954428271,0.03634993577235044,-0.002109448153904884,-0.013096467728845056,-0.022777493783661902,0.0017756191522773019,-0.013708736700051112
2020-12-20,-0.019663533475817882,-0.00630679567414911,-0.04487846671015766,0.008432329860155179,-0.02775672175914969,-0.04359271991480533,-0.023280225856293264,0.007441494361141824
2020-12-21,-0.016615915515555493,0.020703597895992524,-0.014768709693951847,0.02307878263889925,-0.008649587135295915,-0.001122041385226548,0.02749777282348427,0.010475903548893278
2020-12-22,0.00931958415405805,0.004289696268231492,0.003618712801249164,-0.007458145563667206,0.024143708540134368,0.02455583218657099,-0.0015312623263084842,0.01164840340314918
2020-12-23,0.020877792954625628,0.010068270347391495,0.01957277419403456,0.004733237386972823,0.013851568272196725,0.010752552137894273,0.02196681558991489,0.007982448266383332
2020-12-24,0.0024225391700641637,-0.006712279303796536,-0.021617873311597584,0.010843759850470201,-0.010920726593098952,-0.0008105718909027811,-0.007906798703204217,-0.008285464424452618
2020-12-25,0.03018705796079182,0.010738415415431558,0.04723916969584043,0.018711135146432283,0.03351684434538671,0.06830536268617868,0.01393414546536833,0.014119359927963124
2020-12-26,0.03041300860324023,0.011761152387812883,0.02107828925183506,0.007978971836218275,0.062234388188467285,0.08552045897107625,0.031765636272293424,0.01880289227371363
2020-12-27,0.011357058538194846,-0.016601317051706276,0.018565089690233887,0.022630061688781584,-0.017474526401071184,0.01535940310339202,0.0032513939794820527,0.006140857485500507
2020-12-28,0.04159500056765053,-0.006092589482282815,0.07849131807336197,-0.000807392698674982,0.03154296764555728,0.043117287388733126,-0.005921835105474308,-0.005243061444410495
2020-12-29,0.04216564447422842,-0.0025918711849019505,0.04293475905392606,0.00975029108449238,0.010741756731157757,0.04404242058115848,-0.0026120125209386546,-0.0012685532208538573
2020-12-30,0.0235383638526792,-0.001819812485000642,0.031174849189528044,-0.013183386096940261,0.02611694755701465,-0.0027747906064810135,0.004125664433256853,0.008446483318625788
2020-12-31,0.018629348213905078,-0.0037640241893727566,0.028393936198930846,0.0008669193089076418,0.008550430833815275,0.015065590551383175,-0.005143743374725162,-0.0020764482994226298
2021-01-01,-0.013462322632559448,-0.008418077738046788,-0.024987537426330978,-0.023111916554341697,-0.048842880037325793,-0.045051228241637084,-0.0009491183190398015,0.001889871477622392
2021-01-02,0.0024025894776732535,-0.008567353334716622,0.008536659913870818,0.015650344469507547,0.01760368688210003,0.02847073733990623,-0.01838514806927038,-0.004352942550282528
2021-01-03,-0.02376521832581952,0.0023258092109449163,-0.01568843641819305,0.02573747749348463,-0.029631348189494436,0.021857279731474173,0.011084375235452349,0.00999946238451067
2021-01-04,-0.007770693595243488,-0.012587078439540133,0.008573387752620527,-0.022210871473950237,0.0037181427037040965,-0.02689564266455195,-0.03194380231137317,-0.010572869242378527
2021-01-05,0.00836621230011569,0.0029766711936178684,0.014749573888261813,0.028755662787469292,0.014379393580283915,0.03013840199912367,-0.0045586395010799655,0.003754442039744739
2021-01-06,0.04772928953290082,-0.007496238335317206,0.031440823629944735,-0.0022296123490341928,0.033330919299536306,0.06410773267892497,-0.017236966062513726,0.004293820079450972
2021-01-07,-0.014551936854234764,0.0036118107398138625,-0.04373065709470248,-7.92564815495074e-05,-0.017000038615260223,-0.03396592494995269,0.002636522170003433,0.009623092720877876
2021-01-08,0.04494516638942522,0.008282058838882497,0.01883764606915203,0.010193472949390742,0.03593460342608769,0.050951824761723226,0.00604241735828718,0.027421920159536445
2021-01-09,-0.013740251770838936,-0.005214885457760697,-0.0035036071314459615,0.0016303594440800983,0.006574280585870161,0.008160945347340534,-0.008179334629624656,-0.005087417803444242
2021-01-10,0.017100699634508332,0.01264958791852371,0.041474466007669734,0.012364453631829106,0.06879717124085695,0.04498012644281453,0.0021572984974021076,0.012104164489047869
2021-01-11,-0.029505622929135954,-0.0034360499538436495,-0.03151970109863479,-0.0237483351072001,-0.0024335463182948293,-0.022478529223037905,0.010807771215784207,-0.005296725262732163
2021-01-12,0.011403324002612503,0.010739110859632492,0.0011916773999914592,0.042795619445607426,0.06431560784106471,0.04989161471508553,0.019845245984390844,0.018037715051403762
2021-01-13,0.036979664662211524,0.013290378524066695,0.042367249631344986,0.012374824442254169,0.044573631968069335,0.04641808680688158,0.019426342335630693,-0.002879299423428491
2021-01-14,-0.0077158903804705825,0.006484045864932432,-0.025580257653112566,0.0003019127094400164,0.0045697314715169805,-0.006888214287980698,0.010496254500861436,-0.0011487858518030361
2021-01-15,-0.02973548557632199,-0.0065856433159915285,-0.0057532553035320394,-0.0029981361193609853,-0.005089619335354966,-0.011632710469209828,-0.012331367189085033,-0.0036533776040950624
2021-01-16,-0.012793275600915636,-0.013568972643079996,0.0032445723492562644,-0.014140722577902212,-0.02185167905143138,0.0021309150403635117,-0.028172551236497295,-0.008968238688103185
2021-01-17,0.006789705262678618,-0.005559749133876503,0.013753904609731964,0.006739028984332105,0.010379954151808621,0.024113392374797073,-0.01285949965500877,-0.0083625698254996
2021-01-18,0.0395703813394544,0.008297912050958771,0.05149330792307792,0.015134841482394249,0.02266457688065654,0.01928282221501657,0.025153077365431657,0.011945082095664899
2021-01-19,0.0060610496490688245,-0.013692109295756098,0.014354346237661597,-0.021549309477982084,0.00762706298790663,-0.02438949394159154,-0.025914283636235196,-0.01206155741409521
2021-01-20,-0.018965791620114105,-0.02160515069126442,-0.039534719970537195,-0.005703114814255018,-0.029916656694697247,-0.0076031325730137305,-0.0205110240142954,-0.01866101384371089
2021-01-21,0.03835347159351277,-0.011746902229212064,0.04064163473879466,0.0067034522844713505,0.05162371862238149,0.05679175122986631,-0.008956179353801063,-0.0064384697303557096
2021-01-22,-0.009708551240762149,-0.010405637129852966,-0.021716945534964317,-0.023263786933139505,-0.020498609603187667,-0.02810104155366613,-0.01118080951034214,0.004965225114044244
2021-01-23,-0.0010295327184799904,-0.00760682034571199,0.025069009724886793,0.0015280009696407477,0.025963587777499245,0.023243629974426274,-0.008265245583047982,-0.017151819402617174
2021-01-24,-0.005399224263411156,0.003304016430415569,-0.003232512269229634,0.009672967649164463,0.01752662896870095,0.013645244699573218,0.015137278543097377,0.01884202609385454
2021-01-25,0.017547595982061136,0.0041403091716366545,0.003914227104305258,0.013436868211217106,0.00992901562020219,0.012863942730197404,0.019557564359744446,-0.00038461358357526034
2021-01-26,0.012140835554324207,0.0024668488496104916,-0.01570156182953973,-0.01096748991855067,-0.0028658850740767216,0.008812418670829594,0.006832220327434826,0.0059891507611663924
2021-01-27,-0.037689310572925454,0.007309232938120912,-0.025094259453259885,0.011315831200966443,-0.009786926249168442,-0.019516074950823834,0.009737512666238146,-0.00017336474712742917
2021-01-28,-0.014423770719634566,-0.007062675100894308,-0.0032089425929678296,-0.004721373303847479,-0.017074706737917302,-0.0002105768974859436,-0.01265486961470424,-0.005842005982992046
2021-01-29,0.049360057634734646,0.0032124424538991898,0.06268412805137581,0.023616778210400084,0.04069080903387178,0.10059767873146674,0.0019478693548134168,0.017852943510924604
2021-01-30,8.852052366112035e-05,-0.0029837894301287748,0.024975609886460606,-0.004933920477577404,0.0014087154685351046,0.029501552766539065,0.003961462669517593,-0.006858113608365073
2021-01-31,0.008611617007134094,0.001764113691312391,-0.013271458435646899,-0.011364083619543192,0.012681727097888049,0.0142744349364917,-0.0004025700874785863,-0.00758126929727392
2021-02-01,0.031137101031900493,0.014506585498093838,0.03654362009195145,0.023174799052660212,0.03822586868972386,0.02299773050357958,0.01578090159715532,0.009778383415207115
2021-02-02,0.03344300116990083,-0.015927006741722573,0.027973499194939404,-0.003665902026584034,0.019844028823125755,0.007858966735414696,-0.0239290461151743,-0.010908460836216929
2021-02-03,-0.059136819375610924,-0.016034196487567466,-0.0654383596065695,0.005696798994845497,-0.05020692933922326,-0.029618014314038276,-0.013025954453310843,-0.023669937267740856
2021-02-04,-0.003710849576372877,-0.002910202631924969,0.003774083998189819,-0.020646644065985438,0.006228582449920689,-0.010727944222081006,0.007557184971056236,-0.004752075059810356
2021-02-05,-0.0005124743536603796,-0.00570871992894774,-0.010479835521831939,0.014777435396638885,-0.03471937767307913,-0.03717177335836146,-0.0018212582545527115,0.007918115955132799
2021-02-06,0.03208269692553618,0.0010127487560008946,0.027649396493981168,0.0016861617218622122,0.04317316173130413,0.051387851326081445,-4.521809644862686e-05,0.018022016961572428
2021-02-07,-0.010483097571772463,0.00660677074952947,-0.023186836444128115,0.0037428152545635773,0.022172834729874608,-0.005252598811541328,-0.007958293914319403,-0.005338960591807726
2021-02-08,0.014156551040857765,-0.020869570545568646,0.05519057093040526,-0.002064675375058761,0.015599593474250419,0.021402344739016733,-0.024080010869663385,-0.014482095864348316
2021-02-09,0.015429864327373963,-0.02304720342520467,0.029178064730395276,-0.03527010972936043,-0.006902966291237626,-0.010433006430791024,-0.0416014602623128,-0.023192951730590997
2021-02-10,-0.0020292729105579137,0.012538186083089105,-0.029961731068402525,0.019174759388165506,0.013288349191604477,-0.004962402951225227,0.013303766624423972,0.017703980402588415
2021-02-11,0.017454163588327857,0.01066553517567465,0.01884240851675175,0.003966763188631247,0.03575514206704426,0.009218055243735918,0.025195833231063194,0.013336656632359478
2021-02-12,0.0012265701429797942,-0.01431172309263896,0.005169027068260909,-0.017354019143728174,-0.02898606823215191,-0.020581824587073732,-0.02729067444398226,-0.02148662499149526
2021-02-13,-0.0131185462105434,-0.015719967748478253,-0.014581035463859674,-0.012255988983202126,-0.0010342182132205822,-0.03310757203127911,-0.021466539266631016,-0.012716246354083052
2021-02-14,0.02741635358165921,-0.00859093358473754,0.0028588367518928635,-0.01517092190516995,0.02904263940726501,0.03871237810054944,-0.01552425028058209,-0.008443074691060138
2021-02-15,0.016627220963018847,0.016550258083974534,0.02274915072194682,0.03872145325950605,-0.013724666920524257,0.014853019344574399,0.016102209999495038,0.003501310001573531
2021-02-16,-0.04298416730625711,-0.0035642488864010844,-0.05715999402473896,-0.011067013331231536,-0.0057570961608687885,-0.03312518592353349,-0.012008613153785255,-0.010223715912340944
2021-02-17,-0.012974259100025618,-0.008237598958500384,-0.0059330532146999486,-0.001921381085576642,-0.021433909087841096,-0.04936609557981293,-0.0072855960190026285,-0.015420315763074134
2021-02-18,-0.04958663175069398,-0.01240917232288257,-0.06452594057736352,-0.010729999742749309,-0.024918734005979798,-0.04257357033306879,0.00044741909322784353,0.002266417803221218
2021-02-19,-0.005697605786004219,-0.004589138563311969,-0.02461414132093497,0.012669675734721398,0.014605886694538894,0.005469019841650204,-0.01582523126423,-0.006349672926531998
2021-02-20,0.02584198024795504,0.008165225735468616,0.048357977463656276,0.026214103276209266,-0.0030578734908018757,0.017530197997837615,-0.007829472722104573,0.012846053080056832
2021-02-21,0.02406411183279075,0.0030018709665122767,0.0381338173789761,0.007743853099291914,0.049382382720040675,0.01645036150556298,0.012765616639632446,0.006187955485468342
2021-02-22,0.022736994469113883,-0.006770392556064042,0.04867215540405912,-0.011104919968378233,0.026863978849529322,0.003727407249010499,-0.013856749687705129,-0.009469691169484831
2021-02-23,-0.025927457900999363,-0.0020827845419529767,-0.0033796157744031222,-0.003548737635397539,-0.006353574669457098,-0.0010896197260332327,-0.00715783516827637,-0.007340889132384401
2021-02-24,0.02990622523740412,0.0013635586069927867,-0.011500190032816198,0.02536372718541325,0.024347166122117517,0.062079978046085116,-0.00030184897378594214,0.0026337671817976607
2021-02-25,0.010702320893790845,0.0015161934518559117,-0.011536902748532883,0.018930196873937228,-0.017948680649735014,-0.013320990822769899,-0.007097597596795651,-0.013814875625577662
2021-02-26,0.0107326115311592,0.0031880032363161095,-0.0022463651463720527,0.03615254591444253,0.008443103995239978,0.001022162827808326,0.0037402475715359834,0.012434796121553446
2021-02-27,-0.0193030420623502,-0.0023145166507489118,-0.03881033899270546,0.004092866414546995,-0.009228799518642796,-0.023032050588942365,-0.006533878287132063,-0.01821805017844626
2021-02-28,0.013382830968317869,0.01475438665151385,0.01013298793249612,0.01699545469081481,-0.02080382146139266,-0.00699885103180899,0.007688110121036963,0.029090824243150373
2021-03-01,-0.02762674447932853,-0.004654810771200281,0.008530418721494421,-0.00445087343328122,-0.012240806458437063,-0.013441475341384328,-0.002386131605785238,-0.0034704900737251606
2021-03-02,0.0042605008128939045,-0.016318290657000342,0.03914249024265657,0.004346474608161544,-0.007910816713156618,-0.007582446860875877,-0.02516320785813681,-0.021482433649916696
2021-03-03,-0.015335439922937264,-0.01294261323033825,-0.024911203207631644,-0.011132179477030626,-0.020373112378741284,-0.004603547696830405,-0.014424422397501236,-0.010350973139356255
2021-03-04,0.04502157312631263,-0.004465958368582774,0.05967174356308259,-2.6169326086701626e-05,0.04078079687632437,0.023945670881453707,-0.0037976818684412714,0.010859633754913861
2021-03-05,-0.01445320423798574,0.013145788469330582,0.004307279252329135,0.00019295974177802462,-0.002515863181332381,-0.03653732440973113,0.027031811176076122,0.004302479210483878
2021-03-06,-0.014399536446032746,0.0064464965922081075,-0.005055394586115715,-0.000373336717535099,0.02296555986391209,-0.01165129900118427,0.0030677215062092774,0.0016742231065946195
2021-03-07,0.006386888971984836,-0.006647049519382149,0.003426873652743129,0.016593772141362973,0.0015590389532606098,0.023553146402056423,0.016128439850528923,-0.016735650377928776
2021-03-08,-0.005097248326187598,-0.006310079369478282,-0.03498341840625337,0.019403271492881447,-0.02762131140758517,-0.028848934766523258,-0.008197683379797883,6.49489667330679e-05
2021-03-09,-0.009396231878284544,0.005156690818119005,-0.02443234193984623,0.005190528823078552,0.010264888376840312,0.009568581073907722,0.007592325850970888,0.003945904016008929
2021-03-10,-0.024970948736295923,-0.0067050620592470425,-0.008505693152513474,0.02455284295358562,-6.788769475605638e-05,0.01834971159346347,-0.00011578431208010106,0.005307155861015239
2021-03-11,-0.010341933499330533,0.010553218637635005,-0.029176627154885514,0.014943161281440777,0.0251762858223253,0.03425043003125915,0.017065253832784507,0.024611536905133072
2021-03-12,0.00513029432223835,0.0005891052575144116,0.0036082773275276933,0.02653491278756242,0.03169455675673186,0.0355999168700493,0.012048380568696199,0.015491575879407913
2021-03-13,-0.02013444278910779,-0.004682091093679605,-0.016362680728603664,0.007266938205003399,-0.014419334703847025,-0.020603680061729263,-0.006892426112296312,-0.006146699747531791
2021-03-14,-0.002408619779269786,0.013639483695638544,0.00018444935674433193,0.019932673111403287,0.020557477521879645,0.01880147358921383,0.007760892876503184,0.018427763798374727
2021-03-15,-0.03397686122363595,0.01741818004865528,-0.06705511414887691,-0.00855216308452094,-0.017337236473277468,-0.03276319891348808,0.00577566399068993,0.012777002503927094
2021-03-16,-0.02798133948393472,-0.0019590002847775577,-0.04964112270962189,0.0008476095991428284,0.03274200763772003,0.005131413059867803,0.01550483113966141,0.006565412294560898
2021-03-17,0.017624169127317457,0.013860218795139316,0.04622272836223711,0.010077237048458832,0.059768602334807346,0.03328756894771623,0.02511239235990987,0.03954861631206237
2021-03-18,-0.004168991588593974,0.006470275306475783,-0.031848772134904675,0.005828485544503086,-0.008383029018140148,-0.013039772291252876,-0.005462951557657599,0.007726491269772474
2021-03-19,-0.020019207331692386,0.00742691070857828,-0.02800724685624066,-0.03138146433957611,-0.016457751702489237,-0.04400237784130752,0.003623291858617034,-0.006221003385406681
2021-03-20,0.0025929420790393627,-0.021902962181136357,0.01874890292226236,-0.020254878417769875,-0.019161749207390933,-0.011883540271869119,-0.042152828649878384,-0.030302489620168602
2021-03-21,-0.010140251145313126,-0.016506910745907124,-0.026078485163325105,0.0027393500758517136,0.025291864430507915,0.004074067834632097,-0.02018595530257982,-0.00838731029722678
2021-03-22,0.003457475139144185,-0.008024847047490022,0.005760801381981952,-0.014237941836519191,0.00633708474511623,-0.018987317865657487,-0.007190717874366201,-0.014572992800324943
2021-03-23,0.017683970527942,0.0025293805731902174,0.009600272502350146,0.03576795958832236,0.015286140145612644,0.026753154089425676,-0.020637281392691727,0.012852031965010828
2021-03-24,-0.01235683646768949,-0.002057315982809062,-0.018022813100027513,0.026582573219349818,0.004656622136964023,0.012815565760541367,-0.0039393431973837965,0.007902735336921029
2021-03-25,-0.035052596373726805,0.012627876955149796,-0.07708141521855788,-0.018843729489015276,-0.02612462141097561,-0.06077029142538062,0.016853837645113445,0.011459082544092376
2021-03-26,0.009781526206700197,0.015191634528027624,0.027642351382339378,0.023206738756563414,0.018945607267883083,0.00626317007650533,0.03141619249450718,0.016543185987761243
2021-03-27,0.025626245525654723,0.0037074891898464307,0.02854418121021395,0.011764828547152299,0.029975342076074284,0.03653414856284861,0.006073568794349567,0.015227877035187359
2021-03-28,0.026153902994307344,0.015125174570795302,0.02404631967874101,-0.0045427164653762415,0.02580211599307901,0.01737247793141146,0.028382826340094706,0.00449210035316472
2021-03-29,-0.042477891449386206,-0.001404405461528133,-0.06564934622506291,-0.02635354243748468,-0.020291007953729425,-0.029411623133377862,-0.0029344889609082847,-0.004676651616249945
2021-03-30,0.012476300446121726,-0.0013679864030195117,0.018088976629478146,-0.007872758705068669,-0.00014296757955806693,-0.0018022169324720017,0.001493710070418952,0.0007434992319698982
2021-03-31,-0.0013497242960980433,-0.004168699930863725,0.008614706025468124,-0.0028289944009765072,0.013465969593896388,0.028294410355742178,-0.0021778722210988068,-0.0020111990628682904
2021-04-01,-0.02144320273603719,0.0010166701673718997,-0.018610945862901334,-0.0011931598198211845,-0.004154568681509256,-0.023556236889371387,0.004910737780744687,0.002100553382646921
2021-04-02,-0.014010019978870632,0.011555005900814957,-0.02591392958551875,-0.000263023904300391,0.0413327432887141,0.0015505230591908467,0.017755361656238325,0.016918206565808672
2021-04-03,-0.02248174935266157,0.005081767163033767,-0.04408399318148996,-0.0024002820609304973,-0.008896878557207279,-0.02988319185110443,0.010911517574613836,0.015290872649455212
2021-04-04,0.02102692861241254,-0.0014990858817178385,0.043032708296653246,0.0012468564788002405,0.01651804635584917,0.02502475258651544,-0.007706655763602697,0.007864997853745647
2021-04-05,0.007519818557617181,0.0038736420774404005,0.03046105578485835,0.007327849281636454,0.039078972412778995,0.02197653515301286,-0.001920866973690317,0.02427108499118658
2021-04-06,-0.015191494135209645,0.0009773770168591237,-0.0316457572731543,-0.002447811513414481,-0.013328315803628442,-0.04668769639595637,-0.007896834892951664,0.005226476951813706
2021-04-07,0.026127143758852223,0.009320077548663151,0.022349854408463418,0.015134410585323908,0.0054253361873537855,-0.001157639954769292,0.003515934175100278,0.0019250391795735066
2021-04-08,0.0054948812827803825,0.0010257115970297435,0.00621467970200144,-0.006482522689457965,0.019704822894546083,-0.0048354583722054565,-0.006740022280556847,-0.013857881251822208
2021-04-09,0.005385500342319946,0.015014180276851585,-0.032495738697091714,0.04846791922704093,0.013753732638228164,-0.02072140885977914,0.008257214620549291,0.017461339291368366
2021-04-10,-0.006652995956678691,-0.02623004400092524,-0.011772970620999709,-0.01666400853709271,-0.04895875501064667,-0.008167295630929322,-0.028654162120721006,-0.020839147491447416
2021-04-11,0.015936902106966133,0.024584553924979335,0.00011592122100152757,0.017798904971382513,0.024899195995015624,0.05389723916456592,0.03394891058743701,0.03113838621371304
2021-04-12,0.012678923581152898,0.0001821714406382953,0.005943989245811757,0.007829405205785511,-0.0053846953099222095,0.027394538263915066,0.0006501270201577367,0.0034865970071671056
2021-04-13,0.001839475656888183,-0.013717906863571846,0.020010983926120423,0.018126152341000453,0.03568267924941547,0.03701088648007226,-0.017763139854415327,-0.015000911837662178
2021-04-14,-0.006936362160254017,-0.0050707496564528715,-0.04741801190066401,0.008944350376767978,-0.04096705874568291,-0.013771996002195523,-0.011186483683162695,-0.00445266761114765
2021-04-15,-0.004180806164213206,-0.011034643921639135,-0.011919394061089132,-0.005335594791336559,0.007949133177545965,-0.008087069074683222,-0.004136443058888372,-0.010944262597090774
2021-04-16,-0.01396943685904281,0.007815390850783373,-0.017247694859124054,-0.0005178009871661275,-0.016270202411415136,-0.013117127638112744,0.024444166729936642,-0.004383495877534432
2021-04-17,0.02384378785410541,0.0033441278263738453,0.019781936155947945,0.02165016462434026,0.05224442820377675,0.07127302655102213,-0.003867964468201397,-0.006051656409859363
2021-04-18,0.0009119827104671692,0.005691403891442394,-0.020381941794442495,0.009736101947961373,-0.015671623176766906,-0.006960117588526201,0.00046963814314914627,0.007862647194988533
2021-04-19,-0.0012069987465490551,0.005760894825062446,-0.009881927128572188,0.0020646753229700133,-0.0058247154878758,-0.002149536339801309,0.0033591536009289894,-0.0064475878304124925
2021-04-20,0.021561199665471775,0.013784259624763592,0.003940276989263777,0.013621168763876887,0.043343474597442026,0.05769940349199929,0.00203289782970376,0.007758186910774358
2021-04-21,-0.005643274503470995,-0.0036672789877754755,-0.011911691509804508,-0.02248317454261495,-0.011850545316264938,-0.011541394587795004,-0.01330720429013967,-0.022602378231184106
2021-04-22,0.00961750743875451,-0.0007517419013551661,0.005718394024801355,0.008780076375860191,-0.003945919055404653,0.023041858375486033,0.0003953050732735234,-4.090185094253907e-05
2021-04-23,0.018733428434589357,-0.011024687261958295,0.028906998156798286,0.0012738210445766367,0.01600019559110917,0.009568066305954961,-0.024345306020611975,-0.012740805800944038
2021-04-24,-0.020865611927709766,-0.0011960194296433309,-0.04983476731051628,0.01804781853406934,-0.005380882344065971,-0.013967009645806073,-0.004600477171893238,-0.00998652820613838
2021-04-25,0.014118358542128274,0.012168287585733953,0.013495171887763906,0.03541978642262715,0.002211448495321599,0.012504159210629917,0.0048093413117228645,0.01926334390617311
2021-04-26,-0.012993978686625343,0.003883270859595542,-0.011630100888402196,0.0211317714284239,0.026918627127317164,0.009143268216557808,0.003447057242321053,0.0010782122512136528
2021-04-27,0.020650193816333325,-0.002531957544775268,0.04345540891003149,0.0021238608653606997,0.02247333499591203,0.04242923206010658,-0.004465355136422898,-0.0024618485296065517
2021-04-28,0.015175857706147242,0.007551269781829252,-0.002144566069376694,0.0013346795854032078,0.031766678922608406,-0.0015951528774681856,0.011623309412343841,0.002374497539401521
2021-04-29,0.016460961329666218,0.006747467029119306,0.004355872917541332,0.021801989267681305,0.05275480844456991,0.029099607184517068,0.0067456802077261405,-0.000353098014073775
2021-04-30,0.001860887930578279,-0.01210333252659491,-0.016896942314307422,0.0017513161794607602,-0.009386331162983139,0.010015737363741964,-0.013068113447238324,-0.02827086407992815
2021-05-01,-0.011406258201285394,-0.003247558985834661,0.018656885105206772,-0.017819939010826857,-0.00457191402690021,-0.010129630270115193,0.010387893141001745,-0.0036516673027857036
2021-05-02,-0.02351412497914965,-0.0006245077648146724,-0.021584758589196566,-0.024445414197286748,-0.0313560162434776,-0.03943045480252438,-0.010000095439024158,0.0028206661605553528
2021-05-03,-0.030814848387951413,0.005301209950587846,-0.033385780988972096,0.008760218891394991,-0.04451959328927297,-0.04181502191234668,0.016659586890797218,-0.007714330350115564
2021-05-04,-0.01920116816218656,-0.007911469108931537,-0.04638845361198904,-0.0025101900594985222,-0.009122727142820862,-0.006789525419993397,-0.015610447165282962,-0.002857727320432962
2021-05-05,-0.0348087712257681,-0.01039430371687051,-0.043140164382454695,-0.00765233803413758,-0.05442676108843015,-0.03159225487757283,-0.009993581758148148,-0.006876961329790881
2021-05-06,0.028620230238958794,0.004877502851196451,0.036161071064775896,0.006498430504577217,0.03838906868430135,0.008568690630664974,0.00364259902814615,0.011740042382933854
2021-05-07,-0.01654664576282347,0.011390779198538455,-0.05489180204494192,0.01090408558144075,-0.01973020170628314,-0.01858005202651621,-0.002928082383081716,-0.005403001417091081
2021-05-08,0.001160355986288968,0.003476148503961812,0.03220178044099642,-0.009817582894743286,0.00424444045703968,0.0027697281346193503,-2.2273347697133463e-05,0.0018660826919993348
2021-05-09,-0.03939615926888356,-0.01384926534583305,-0.04813263993929147,-0.018930210830325492,-0.05139210140303573,-0.047113544033865515,-0.018229158327071428,-0.010516471447111512
2021-05-10,0.023980044143472032,0.000996403387370875,0.04467681979018811,-0.021259086059712145,0.005671270854718337,0.005559522265668565,-0.014375329288878714,-0.004962507647988388
2021-05-11,-0.029631748006180358,-0.016180423808817075,-0.0331599928973329,-0.015606645608852499,-0.05876531677494224,-0.04898525552982266,-0.02050890423182275,-0.017654339581349092
2021-05-12,0.006063240159073007,-0.002948269587653806,0.010562984238189537,0.0021697054808957495,-0.03464665956618428,-0.025764795506002473,-0.027363060446185212,0.012856266121725995
2021-05-13,-0.016536415266779292,0.014645693021628376,-0.025109587063446234,0.038875740090355465,0.011632127279444768,-0.003214113963288322,0.019409580449226735,0.0007320751339303618
2021-05-14,0.03246582803817506,-0.011706497735420589,0.0487490053648059,-0.013498635531289344,0.033709858595541,0.07350974178614862,-0.01680643020254579,0.0034404714193757295
2021-05-15,0.02634148770206789,0.008549651775142475,0.016941403617693175,-0.0057980184298843706,0.02080331245817859,0.02375340496200816,0.015505899861781402,-0.010652743639083495
2021-05-16,0.014994889674989496,0.002092229942333371,0.02069595766771162,-0.00015689651344064342,-0.013363199408156383,0.022461546734589253,0.000659382416722987,-0.001814275378369874
2021-05-17,0.000732833075090787,-0.010881636070875993,0.029263267056870598,0.018504381442205436,0.012969984705860298,0.0028167487141555537,-0.00643059423483952,-0.0195477500609708
2021-05-18,0.013895506949102458,0.00235200210313984,0.010647455827147545,0.02236941023352851,0.018533115030523475,0.018628880177828096,-0.016954437445230924,0.003913960667881308
2021-05-19,0.005807678605273167,0.01550505339406452,-0.012276874279320758,0.03005247028563318,0.060682939626061985,0.04482774383212431,0.012432589672435958,0.01578187488816812
2021-05-20,-0.006564945463246303,-0.028033708585425282,0.00133115725402417,-0.003333982769346648,0.001741173083983866,-0.002513780458089967,-0.022285207358730286,-0.009741736879880345
2021-05-21,0.00617585447539218,-0.007320886915233362,0.005176783870436823,0.0007628821995447662,0.005751054667901732,0.0021760200114677784,-0.007991026767456175,-0.012506863785880944
2021-05-22,-0.018155511966256335,-0.0013520938329242799,-0.024164055998170623,-0.003752520207119748,-0.034368966115347864,-0.049330061503191594,0.003183686936018631,-0.008633570579152622
2021-05-23,0.024881675503620228,0.012167486709424071,0.012826053215610528,0.0008578388772374875,0.023362324366121994,0.030945190905724132,0.008567153779981266,0.015545096591348876
2021-05-24,0.010826875721565734,0.0037992140309667296,0.042623161016303805,0.008381358574464821,0.035219989387820505,0.04764668987638954,0.0070201993087421035,0.00020366074869964407
2021-05-25,-0.014579516795638174,0.011322622990109662,-0.011000846892105951,0.02799626053929371,-0.029740918880871207,-0.017716249712791655,0.013625214288247298,0.015435607546128115
2021-05-26,-0.022781111179213023,-0.00422205787501539,-0.040045753512982916,-0.018072936241485437,0.00016841445258755346,-0.02419863801525159,-0.01824102588539019,-0.0018797178950360931
2021-05-27,-0.019010617487386732,-0.001486736265951967,-0.022448629458821586,-0.013753771421661237,-0.008439699319034632,-0.00012469609294641943,0.005755221226181592,0.009608360019447822
2021-05-28,0.002458724263966984,0.0003040619708504991,0.003769197793620155,-0.013523667598993363,0.014582288699321776,-0.0036319091325827334,-0.010290286891434183,0.005291284318934345
2021-05-29,-0.04522710340066589,0.019421316424886138,-0.0444630660170406,0.00400849827108137,-0.024916206346429957,-0.0347769742216406,0.027685121643003404,0.0061082555463154884
2021-05-30,0.004976648306213465,0.0017578697242851377,0.024299574542805614,0.009760957228428705,0.015215046213260863,0.0072576161865323145,0.019768382204611863,0.005014248100601768
2021-05-31,0.02991778254658268,-0.007427116114879236,0.039638109482450855,0.0014575201164211146,0.0038234884176575373,0.0033369951952947363,-0.019200038446885705,-0.0073582962822851955
2021-06-01,0.01724338237724184,0.0030079453078283276,0.007873438093490009,0.005061360365513764,-0.0038696519855268906,-0.012467059370860996,0.0004784935359333944,0.00928904789872842
2021-06-02,0.020549530920014814,0.017522195892022214,0.0030691013057478978,0.03149581975006217,0.04763624198417616,0.054081563495168496,0.03128998141433705,0.026606742796837755
2021-06-03,-0.00546662607977545,0.009998997004733912,-0.0033041742041921736,0.01414837273223284,0.0017008022209173575,-0.0055408497953209025,0.016689339781850377,0.005642876920240371
2021-06-04,0.010122039473084682,-0.0022400428465945608,0.0029927213152151273,0.005272522115126362,-0.024539099792037115,0.011810474627318539,-0.004195608329149968,-0.006202882274562412
2021-06-05,-0.028623117546213536,-0.010523490560156579,-0.03989268068772551,-0.005984876986482665,-0.009225310531366522,-0.0026233539580518958,-0.007381208459832826,-0.012273693431897272
2021-06-06,0.001801226250270558,0.013239082542948859,0.01826697341378705,0.005620099473479873,-0.00966033449968826,-0.013817495547081265,0.018101923364018686,0.0037561845330494905
2021-06-07,0.013780343302746405,0.01490663325452295,0.03153516206028091,0.005283143788081864,-0.009890637638382868,-0.0007747233669316409,0.023651973911809156,0.018844792566014283
2021-06-08,-0.04395715678495144,-0.009125475996733277,-0.07231690343200473,0.02350801663763074,0.004411694995945744,-0.00014777326058774607,0.0010952356726629503,-0.029692044925640385
2021-06-09,-0.015937252522125744,0.00990289234079867,-0.022415952859078075,0.012953880562284772,-0.002441345166579806,0.016401403937369198,-0.008367025225276294,-0.002496000595242676
2021-06-10,-0.004997057518776029,0.00338299872506368,0.014444042571620748,0.026534292130978618,0.024753702361173326,0.03311034951324514,0.009697211911428374,0.006290107714073327
2021-06-11,-0.023009237444790304,-0.001718022358757262,-0.0584157870181461,-0.016829706915128497,-0.058528646455849494,-0.02313507289751683,0.012952309964864956,-0.0004988341467058231
2021-06-12,0.032601456114427774,0.008908706147393055,0.05374649151360787,0.01015380651257032,0.02334445151843219,0.011925204539749901,0.025767145258969677,0.007945622248006814
2021-06-13,0.005077236279098432,-0.013270542954470058,0.020517236937696488,0.01825479534139542,0.003134134665225302,0.02655693034621168,-0.02714966322235356,-0.0035224864109316056
2021-06-14,0.023418899329344062,-0.01252393106955312,0.0631403371141303,0.0014804783022060424,0.040061402140744155,0.04350335746250657,-0.0010386555914579918,0.0014534206213723832
2021-06-15,-0.01572271123028566,0.0017950149761141222,-0.0016312339709922419,-0.0009916595079433638,-0.007973724400180876,-0.020112182571272407,0.012276655429173472,0.006552178663540972
2021-06-16,0.016836105124705257,-0.005949485324058114,0.04601303761422107,0.008726295572818971,-0.00226203741176966,0.015095697223638094,-0.014933086706791481,-0.0017829472581662174
2021-06-17,0.013753091943382395,0.0035799752402638023,0.006449171829817226,0.0013200145709679108,-0.028821650719336536,0.013681048936570123,0.0029416556044869094,-0.0007865444902449227
2021-06-18,0.010223837535902506,-0.004614590334242772,0.011895567420470933,0.012562028800097422,0.04055489023149472,0.061985986888680136,-0.003265652899680583,-0.0016830462620834174
2021-06-19,-0.03711665530907758,0.010928043747487149,-0.0697288519308896,-0.013736225222537214,-0.021681237045807995,-0.05380848506373885,0.02114688572614047,0.005922623418393189
2021-06-20,-0.02490226973477,0.0037724115165306805,-0.02703412663345859,-0.02674900275719362,-0.043972603109594596,-0.032553210804201684,-0.003954170744066824,-5.509875882369914e-05
2021-06-21,0.00949146158553461,-0.006265483553684007,0.028551988881643484,0.008371301194227068,0.015240922119417535,0.042426410489163534,0.0018728835065010038,-0.009647942786552935
2021-06-22,0.012116890712507513,0.015534095003561305,0.009966266520308544,0.01571988179081044,0.048788545916961856,0.04554223754662518,0.0068414388477532635,0.010058274176285143
2021-06-23,0.003225484796770421,-0.00282533964077365,-0.014624487366182817,-0.023620630481245165,-0.0030662968742889256,-0.01275285748292675,-0.007433031893274472,-0.002974628086104516
2021-06-24,0.01352403646617929,0.007020818176099118,0.0017981507410228979,0.0050387310668364455,-0.016228616156416985,0.0007841257316786252,0.018719679132655185,0.007720538135925631
2021-06-25,-0.029230670094214775,0.003909022411922907,-0.042515070653089786,0.006258523610334337,-0.04234268950997758,-0.040932868184495916,-0.00042721699899070885,0.0004867227161610738
2021-06-26,0.027117899946037555,-0.017590517024883488,0.041426522221274804,0.015311158770034089,0.03264088006499566,0.05299676782217777,-0.028456896013352127,0.004057728325166053
2021-06-27,0.012296534888203009,0.0033407847961379115,0.017953863732650663,0.009226862131263534,-0.0048162724522842135,0.031426353718844204,0.014359746788948866,-0.01103468748005961
2021-06-28,-0.004612401721678325,0.009472342229233327,-0.012029180564928996,0.0139748165517985,0.02632871074769299,0.009188607645150374,0.015536101832659353,0.018141002636463816
2021-06-29,0.011381627672838526,0.007188714667719983,-0.026057838922659813,-0.006696508651443829,0.01119767880677063,-0.012131530127482571,0.007765662897920837,0.00660281753886485
2021-06-30,0.0120272490315689,-0.012333219091392296,0.00991981549757244,-0.004994429194304446,0.008068183299393301,0.039014942115810886,-0.014944072806393044,-0.001860603327815634
2021-07-01,0.05392933304320206,-0.0026162818015241043,0.09200851499920024,0.00874466149177555,0.020706762612608072,0.04835711378923538,-0.002873368656689515,-0.0026175406667208567
2021-07-02,0.013462325716203923,-0.00395234811474811,0.006035070246209727,0.018827643694050232,0.0015478759756851362,0.03102914988386025,-0.003264429899853,0.004675316355686755
2021-07-03,-0.013983612666115891,0.004585565530492522,-0.007184529900607011,0.004363265835097522,-0.021063531699058228,0.004617485783663103,0.015628674411869752,0.013637065792489352
2021-07-04,0.0026890599291355703,-0.010666036432341463,-0.004237683258838298,-0.01661735830324748,-0.011447107908540947,-0.013903271901885204,-0.019309391550688976,-0.013466913952886324
2021-07-05,-0.02590908998234595,-0.012194747835744636,0.003465477638425438,-0.021471501519717853,-0.015719190698519896,-0.002860949603136087,-0.004887496643603679,-0.012571072761230732
2021-07-06,-0.023687208318021805,0.0014274622806892355,-0.02704442073110232,0.04101548468577096,-0.008523837916834654,0.017940591148786884,0.0052090921180664995,0.012543375842519943
2021-07-07,0.01093691683250984,0.020791030074427924,0.011943586505058392,0.024758476611160315,0.01835588470065281,0.032106407843237476,0.017471262846302897,-0.0013484458904432597
2021-07-08,-0.008909937789020935,-0.004305500162703802,-0.012496780238379268,0.008810197773579805,0.014012138522416657,-0.007400099958695198,-0.0042358374029999426,-0.003635664890473873
2021-07-09,0.023323736015930303,0.008851460040833651,0.04066774117059495,-0.011620037564054024,0.02730148180823385,0.03531457189732625,0.019936571693669452,0.0047033845921417685
2021-07-10,-0.0025618521346649913,-0.015311576545996063,0.009397988160790998,-0.0036935098373227972,-0.022808781426642714,-0.01891109068026821,-0.025745935032103647,-0.006316229392159107
2021-07-11,0.026807395018345125,-0.005674652524291289,-0.0009845814967392177,0.024726930753534833,0.04716749014799013,0.036774076771552144,-0.011880218149366713,0.011694071615914228
2021-07-12,0.010668578710698092,0.008626025205493305,0.00324499568327546,0.01426155816991655,0.023024795824209448,0.011821198400401287,0.018562077193498512,0.01952620097604166
2021-07-13,-0.009078891391335539,-0.003357251411089427,-0.023811025333683525,-0.018572916481957406,-0.026150024478449174,-0.04450809696382755,0.008272659104572073,-0.009063163190179416
2021-07-14,0.0076394967286130405,-0.0016708058113652266,0.03713474435126478,0.0008963362845610756,0.031239255497954265,0.035110706902000806,-0.006774795988539662,-0.001059111130655726
2021-07-15,-0.017823944192197665,-0.005941522149907179,-0.017847502239095325,-0.00441890154778354,-0.029576600290702006,-0.014250115299337686,0.00557703693984946,0.00505925439679396
2021-07-16,0.0087924979098544,-0.017996869458645814,0.02780370490629735,-0.004744690824526732,0.001207423218665466,0.04450023504725976,-0.013596708203143043,-0.02820947792878543
2021-07-17,0.008259189622908263,-0.0009707266981004695,0.016903616592835003,0.005074703995855886,0.005127144335795962,-0.007487996934736384,0.008589383137771373,-0.003010001461221449
2021-07-18,0.009912162324746183,0.009904332593036785,0.000617168705734267,0.014921137454807474,0.008422381498807217,0.030181503784814885,0.005350023158894178,0.008799063385599257
2021-07-19,0.02511445391633998,-0.004246471942367185,0.028620624032562724,-0.0064338135594713235,0.025941604602931424,-0.019349898692414887,-0.002824948000347765,-0.005902157746891412
2021-07-20,-0.009425181771486244,0.006109601421482451,0.000252184398710226,0.0027897360178259964,0.017695092373232326,-0.0021920511380629456,0.0013107583032070554,0.00803813080291656
2021-07-21,0.015462410689721106,0.0048543750074276195,-0.01982801210328122,-0.011297635677073835,0.005417565872382389,-0.004753299942440679,0.005009496344471791,-0.008260408254803876
2021-07-22,-0.007558751307248797,-0.00894544429217519,0.0018774543139094158,-0.004193816056902583,-0.011044212012444684,-0.011777661584698394,-0.010598486475849347,0.003558383886508182
2021-07-23,-0.01327144831070129,0.001472506634211891,-0.03850982154023611,-0.003886174401901683,-0.013487576568079229,-0.008504998417038823,0.010637925978644032,-0.00037044517542104695
2021-07-24,0.0181365186532494,-0.008345938876674295,0.052151670853819034,-0.002955985054400441,0.01442326671578563,0.020304225138689284,-0.025826542643991732,-0.007531747751873193
2021-07-25,-0.02977843146302062,-0.007702153478454825,-0.0352574557076166,-0.0017063469960249792,-0.025536529625185787,-0.03261624698708759,-0.009538291589440757,-0.017155818475109087
2021-07-26,0.019858630516507023,-0.01351670452662095,0.05777209620686291,-0.010780568739454016,0.021136866184579446,0.018649298970658867,-0.013294345622636893,-0.008527997384378833
2021-07-27,0.002923431939098593,0.0011968140761050752,0.03129971559636834,-0.016939503529539664,0.0018644694091946028,-0.011686415037723713,0.008250119728675582,-0.0028663093055205785
2021-07-28,-0.006650772572941152,0.005664806591435416,-0.04859600821787556,0.011921411222500542,0.007852211235530043,-0.00121198934127387,0.013876982584284922,0.016334332375185397
2021-07-29,0.010367811886133515,0.006478878557811563,0.027494223151489878,-0.02185855933033015,0.004438548983484772,-0.014610837048917823,0.016636827776738215,0.006802612513054849
2021-07-30,-0.01979543839824267,0.0027210409331505357,-0.022268002634428664,0.028954473253451928,-0.02443450301691301,-0.005687739430671671,0.0006122721858880104,-0.0008806231690688469
2021-07-31,-0.014119481156458304,0.010507586437686175,-0.07579267145723442,0.014340612158030359,-0.0010912305958576196,-0.01099868561398457,0.020635106077936782,0.009045171128459206
2021-08-01,0.0038223570703984663,-0.010306244203329233,0.006594350179328662,0.002145798384854502,-0.018927831686577783,-0.013283918497850994,-0.016837789984058847,-0.02405336739920648
2021-08-02,-0.011150966589843578,0.0014511594134554047,0.005339237845565213,0.014637788688634662,-0.04030868886682278,0.007955259686811047,-0.010071377882866607,-0.030582577169775377
2021-08-03,0.001734213876991725,-0.0037154795372151255,-0.02452837208966272,-0.009257299036453278,0.0015903210775893364,-0.033967124435469315,-0.006657651643323797,-0.011669401554705645
2021-08-04,0.03264542895202062,-0.0043788855619301785,0.03573599797432761,0.010722495564613644,0.04076399926872582,0.03922555654206158,0.00370162180644764,0.015502055105335708
2021-08-05,0.00021677063456716317,0.008220115262002428,0.0014676810969965967,0.03007347736264793,0.008931265279456544,0.009954326810058131,0.00655259022256243,0.0027206848933443058
2021-08-06,-0.013927325881271085,0.0023207022151507293,-0.024548665684863243,-0.024252854671564756,0.00629206966021764,-0.016312328698082884,-0.01006215228423286,-0.0019050533445810955
2021-08-07,-0.003028455518591735,0.008308058497505854,-0.023299786823526167,0.01954495277711508,-0.013108889406423328,-0.010009590736411663,0.007804960564084181,0.015719578586998986
2021-08-08,0.012561621528423432,0.019612227324410925,0.002771926904582059,0.0054491252710625465,-0.005377697762468224,0.006888827691728688,0.023987413478484106,0.009973901816399695
2021-08-09,0.027948636232298103,0.006328825845765506,0.030730632099562245,0.022387477609468225,0.0373642244444461,0.032929250687660734,0.0022343562178771892,0.008173561116491236
2021-08-10,-0.014532370292396835,-0.008763094422038297,0.010848880810670583,-0.020212089909087926,-0.026588384367544675,-0.009864769043231839,-0.00349079504860945,-0.005289710853773116
2021-08-11,-0.0075774245521573495,0.00563921834908191,-0.0055088780860036175,0.011616729196475007,-0.016389608532388508,-0.026094484085895802,0.013461505986151291,0.003447735914679247
2021-08-12,0.0018748424987616147,-0.0054517080496031345,-0.00291042392918212,0.0157115643253819,-0.006294084849836354,-0.025718940873333915,-0.01678066942083182,0.0014297570187579791
2021-08-13,-0.041367419883959956,-0.003833086121211065,-0.005054551581341199,-0.01126033064829991,-0.02388670494700394,-0.019863763970699104,-0.001230755068111618,-0.010967414031002303
2021-08-14,-0.02384211589905633,-0.014774277790233832,-0.04933013718769995,-0.021766821266846884,-0.02958768780893962,-0.02481221523001091,-0.012147188340862092,-0.010943131092924227
2021-08-15,0.0166377939746103,-0.00893611764672537,0.013420548309697215,0.004434308409143908,0.028890741736481627,0.022934531477565724,-0.014117443674923819,-0.00401899593770023
2021-08-16,-0.028088410660117327,8.894899259796686e-06,-0.04403934213823608,-0.009903064030592048,-0.043221452875618134,-0.026610074144536085,-0.0013553646164810179,0.0021697691864431415
2021-08-17,0.016053080025048655,-0.0008678511188338458,-0.009430074616679015,-0.008950851621109845,0.009468262419009502,0.016455832623944067,0.005551705889684405,-1.6545062095883094e-05
2021-08-18,0.03176162588963901,0.0076758652882278995,0.04352302600954779,-0.005131012261957046,0.019936327010533928,0.024711522621437707,0.01259200093519888,0.0007669229413771067
2021-08-19,-0.010153246512107434,-0.009676589120913829,-0.013164618180111573,0.0005302556054573779,-0.033069191355360995,-0.028839031571030675,-0.0005197188619205979,-0.023978504848948427
2021-08-20,0.009866207525990406,-0.0091025065514378,0.012636918634791763,0.014470960634518719,-0.03889566355831836,0.019420730707572626,-0.015141393258194753,-0.02749844595335903
2021-08-21,-0.04651390365477444,0.00345304624576575,-0.0725311940379567,-0.030370749684693003,-0.06399791225516759,-0.05658704336468681,0.011304202746583648,-0.007023103749050468
2021-08-22,-0.00915430856868749,-0.004979638944801409,0.01473255712960001,0.013168864442649076,-0.008426478941787737,0.010165350798375212,0.008306436025149551,-0.017910936617700622
2021-08-23,-0.005439818532837484,-0.003140058155788825,-0.0037346697833568203,-0.00044256181304874796,-0.002618984753185973,0.0017633762972819518,-0.0015969984422675363,-0.004414465578889897
2021-08-24,-0.008043872868800891,0.0008938878658491706,-0.007947591919572162,0.0032165619451817442,-0.011239056043038547,-0.00699809391178693,0.0013115949005601956,-5.1953845254598216e-05
2021-08-25,-0.0061951160331081764,0.001540074553725994,-0.010276819087736437,2.6879787435509346e-05,-0.00555298644501265,-0.0073371862887388235,0.003324964317624859,-0.0005699506378568205
2021-08-26,-0.002087346761086852,0.0007325976845411551,0.0032146986875030686,0.00010489509823590542,0.0027758196594560277,-0.0017217414030861193,-0.001999485458671727,0.0006401896900015591
2021-08-27,-0.004470086596304731,-0.0037462880477014664,-0.0032334062870614136,-0.0044733297853976825,-0.0024242024236350032,0.0003452786514193467,-0.006960644615133625,-0.0028774362251618975
2021-08-28,0.005782741879317435,0.0021499672381680786,0.006575832447510233,0.004966737166940484,0.0039189270465730735,0.0019270984115969316,0.002488179600582988,-0.0015428823256719753
2021-08-29,0.0019987435481385943,-0.0071896694171081485,0.0019986642750023367,-0.003953700323756078,0.011341375677549479,0.0034393056791770208,-0.007876343487634998,-0.0014804509218811566
2021-08-30,-0.0039931836862197685,-3.7313254618124124e-05,-0.0011707099199920353,-0.004292696262868704,-0.006430826071962271,-0.005782543571003416,-0.0010826502241802225,-0.003702378866826058
2021-08-31,-0.0033010582190496074,0.0009740497336118775,-0.0039926586646143085,0.003788462985116905,0.0034241113012850825,0.003390621394821328,0.0016277376073928647,0.00788522778201526
2021-09-01,0.007338109021080928,-0.0008491677923748572,0.007181075044442491,0.0008161904737549186,0.0025839881401868354,0.011717748024777128,0.0012966613370558736,-0.000398749290266729
2021-09-02,-0.0037696221235271653,-0.00563547087470285,-0.0017275263325612273,-0.004119567402979302,-0.004658669954974023,-0.007987081719687926,-0.004258940735366145,-0.005497139859179386
2021-09-03,-4.79023024774836e-05,-0.002025228687496869,-0.0001938338740994189,-0.0008683672186047698,-0.005049380878385087,0.0019047088517016107,-0.001575414204806498,-0.0042963471249717455
2021-09-04,0.005092188374409165,0.004451896869712452,0.008690671256538034,0.004120368744654615,0.011845738497831267,0.010929425318057847,0.006446469992402958,0.002924644895877758
2021-09-05,-0.0032434269851843167,-0.0038568716122404667,-0.00028864492363231685,-0.000498493800275909,-0.007124918967303308,-0.002634716198194864,-0.0019374009430921763,-0.0038737284955942942
2021-09-06,-0.005178275667403334,-0.004617966409129954,-0.005164202225960316,-0.00038768027027283824,-0.0019206255194344933,-0.004098843326779235,-0.005482441686611483,-0.001091983978752947
2021-09-07,-0.007549880993344191,-0.0008328628425779177,-0.007839637138148663,-0.004802345126823204,-0.004453941402844477,-0.01440087498949577,-5.963451628837377e-05,-0.00196145562625636
2021-09-08,0.008478482217377913,0.0021303669944246384,0.00940489543504023,0.010598738431699915,0.00044334628922877684,0.007170240676118583,0.0028482478560096034,0.0027649358962029183
2021-09-09,0.001254883211804215,0.0006318668317325999,0.006650422444712731,0.0014654478171432443,-0.006664224371367064,-0.00203763380369837,-0.0004368952115590258,-0.0005071264354882751
2021-09-10,-0.005577910617310961,-0.004916910759312214,-0.008652819957637274,-0.004068487671583772,-0.01374585309390035,-0.008456313237081188,-0.004144213675402708,-0.004013148878158608
2021-09-11,0.0002722021702154797,-0.0015869884750159702,-0.0018003215815963064,-0.0012007970689464095,-0.010027077005809171,-0.004881895069557724,-0.0012656497514180341,-0.0014620810645699198
2021-09-12,0.0006672879300561356,0.0006466844686730349,-0.0016906455671267008,0.001172211380841935,0.00462637479797699,0.004222618885690733,0.003917874034663903,0.0006332219766861694
2021-09-13,-4.9973461102593476e-05,0.002646016253357724,0.010798183562752904,-0.003934866782360697,-0.002775512949367621,-0.0010332052507810669,0.0041122812061954745,-0.0022850938754955543
2021-09-14,-0.0034170349375753153,0.00015897227839908691,-0.008707116592567801,-0.0013699353078332616,-0.014137344485142256,-0.004629156618983325,0.0006074668021982477,-0.0004683824550489445
2021-09-15,0.005180338270468087,-0.0032453001389081706,-0.00014419825486442075,-0.0035156679909860503,-0.005458161613220222,-0.007095419780743358,-0.0029824212541663484,-0.005590420151059782
2021-09-16,0.00703322714808509,-0.0009355968188111193,-0.00023401834118088775,0.0006120507159847179,-0.0003877267347842232,-0.0006006951391966164,-0.00584436421662442,0.0003526145021044805
2021-09-17,-0.002213084306019522,-0.0029261315747969125,0.0006155544906049007,0.003218395480972288,0.004251116441760206,0.007245690294181934,-0.004110929583361128,-0.0006580214612219678
2021-09-18,0.0033149453671799563,0.003995133391387432,0.0069497130725818665,0.0010529309362849965,0.004770073424671391,0.0008746753022669621,0.004499383122610395,0.0038942012255453475
2021-09-19,0.010025578849494012,0.0007039700570701603,0.0218582773629327,-0.0011482607006658991,0.007227190188792175,0.009709788314455056,-0.0020504928643601066,-0.0009503538771751903
2021-09-20,-0.011042738777762283,-0.0031122652712894353,-0.019499569716032075,0.0020846065213628744,-0.0075447078815111465,-0.011356244285276776,-0.0013848360196614768,-0.004517663104617098
2021-09-21,-0.004838179975040671,-0.0011611105980317638,0.0002978152574834797,-0.0017749322149904709,0.002915567451769425,-0.012532675417029949,-0.0030737021907527463,0.002092810653884931
2021-09-22,-0.0008143678184210602,0.0017706671986055546,-0.009814985091616296,0.00646346378032099,-0.00023954452812848515,-0.0006111733601218141,0.002967074449992415,-0.0015609490814167467
2021-09-23,-0.004857268149019583,0.0019303398529641905,-0.006167868201558523,-0.0010300433304810193,-0.003959365440161589,-0.008929798868429222,0.0017360336409932057,-0.0020199103355140013
2021-09-24,-0.000580941681195806,0.0008844490820205955,-0.005388392815270606,-0.0011621282141582583,-0.0046918383961408695,-0.0033379209791628618,-0.0012947963411182042,-0.0014932520377926516
2021-09-25,-0.002224603093220523,0.0002839256508906608,-0.005590578241371175,-0.003367844456498026,0.0016485403597225824,-0.006948672801933564,0.0006039452492413778,-0.0019383256307320778
2021-09-26,-0.0017978682795390152,0.0006253125893362707,-0.009704539886564327,0.0024279116554934022,0.0003424748349951829,-0.0022798421215333583,0.002803420020046235,0.0032167931812592766
2021-09-27,0.009500622328151874,9.480684897171767e-05,0.005670632657210307,0.005914692169673737,0.0017325586537443472,0.0054539709837150285,-0.0009544988996242632,0.0017572576847234144
2021-09-28,0.002430351552807279,-0.0011912606952701541,-0.007454981792700344,-0.0008185534531059594,-0.00043340492936141885,0.0064707205034374915,-0.0026636796637833043,-0.0015479415036560107
2021-09-29,-0.0043650866556712515,-0.0006961875054358656,-0.010293716989006045,0.0027564244737631,-0.0004768554525658909,-0.0037421436925648556,-0.0019029326380646202,-0.0002282870202007955
2021-09-30,-0.0008768234816357871,-0.004368035627368422,-0.003644912176117098,-0.003530734921137254,-0.0016770213650229326,0.00045982566175114105,-0.0005050037462507293,-0.0022776798245122106
2021-10-01,-0.0020114076321021005,0.0005782013038006403,-0.0034198457225806636,0.006279897216636531,0.00625417452789845,-0.00019781994538070692,0.002636133350626154,-0.0008138696455131233
2021-10-02,0.004290186955415419,0.001004916632090487,0.008198915441909422,0.005215535869804328,0.00832992440335563,0.009401792470980582,0.0010325395553049813,0.0010837095617547698
2021-10-03,0.0013000605033207833,0.0006238792897012257,-0.0001156017680236609,-0.0004309914780278281,0.001707505885114116,-0.003996398023044721,0.0015809056040838327,-0.0017279277352697468
2021-10-04,-0.0005239222217634168,-0.0018701744630375096,-0.0016969779914135555,-0.002853376269133888,-0.005507716099960468,-0.0008054693907216501,-0.004044214301181561,-0.000952787022438467
2021-10-05,-0.004113260914202276,-0.00048694545827702263,-0.004820282978781649,-0.00033177838464490937,-0.0049211409346405005,-0.00572455954318445,-0.004417641302818402,0.0019616390580987175
2021-10-06,0.0031705864581446546,0.000278622609426354,-0.008651849225808484,0.0005166304003698415,-0.0010540424125578631,-0.0018617061688459926,-0.0034164171163281573,-0.0007629181597832779
2021-10-07,-0.001051641001914852,0.0025554611795970167,-0.009420852557597583,0.0059081150610120385,0.0035931598117066163,0.0002984178507904377,0.0025106603892328452,0.0019556168479130235
2021-10-08,0.000581069495744985,0.0008519073344456583,0.0024970797845392605,0.005314313588380282,0.002255103196596406,0.008985563302106342,0.004813826226103587,0.003932839019237235
2021-10-09,0.003160377278016429,0.002837230777718628,0.002410265892902587,0.006979456595739002,0.010618872679354583,0.011168411565959456,0.0043317442301457725,0.0036430587987826804
2021-10-10,-0.002357663831003244,0.0018622770340424623,-0.015848413083952285,0.00010781169999379297,-0.0007280593809019507,-0.002559290585570199,0.0025571480185600528,0.0008825676539101541
2021-10-11,-0.003991920846019974,-0.0037956796621893517,-0.007129437922953031,0.0029533771083344582,-6.833524476489316e-05,0.0004968117024221114,-0.003484576530369789,-0.004322241658661921
2021-10-12,0.0018610731477153991,0.0009961139230534515,0.0013573950267933772,0.005624058313704361,0.005917516170427069,-0.001631992563545698,-0.0025655164274828155,0.003143566570747613
2021-10-13,0.005675933654068034,0.00043974654605069097,0.006912100393975762,0.003441818488850205,0.001642114892838839,0.008046632459270564,0.0009581493121535553,0.0020668418640190436
2021-10-14,-0.0020500706824423945,0.00011858747271719458,-0.0030696577980095403,0.006473259682327048,-0.0019858748105714193,-0.00028120922413134666,-0.002374132131872283,-0.0015302622125740516
2021-10-15,-0.012722048312030595,-0.0020490397088041624,-0.023198213664498812,-0.002847677717021841,-0.010304059354365647,-0.01712911680750871,-0.003582677084432089,0.000743672912450155
2021-10-16,0.007473275485173072,0.001353634127841568,0.004665730033354676,-0.0037250925643444793,0.010184964523228063,0.004651718639505788,0.0027846355228977777,0.0038014818698760768
2021-10-17,-4.818949872447537e-05,0.003907498012728835,-0.000519820420534891,0.0034028172555385606,0.004275670510648941,-0.0016234090807942273,0.002268935969230046,0.0012827184802558817
2021-10-18,-0.005990156714572955,-0.0013997650072403776,-0.0036067316036254263,-0.002754907113165623,-0.005153308221183584,-0.0017047131826121574,-0.0022621890044351007,-0.005196378974334311
2021-10-19,-0.001389124218740681,-0.002227085558219688,-0.0006823093883564159,0.0011487352640561638,0.011559838192866751,0.002635523035836978,-0.003588979895532003,-0.000714022694138495
2021-10-20,-0.003866154899027796,-8.707969616434539e-05,-0.00983079244715316,-0.00197732686279887,-0.007400803469661864,-0.005729969996071101,0.00457454102883511,0.004797814737053702
2021-10-21,0.004062788569777176,-0.0003173409242211619,0.010205870147036632,-0.0037476493911500776,0.006557134522225608,0.008457361913647625,0.001271317172772622,-0.0014011726147629092
2021-10-22,0.005148309275046124,-0.0003146410808263997,0.008396083024725217,0.003193463818535316,0.003913514205147527,-0.002266462947223897,0.0017190968984763192,-1.3155820965999492e-05
2021-10-23,0.0022862150527203223,0.002395182236276488,0.009853764669749465,-0.004542859411394606,0.0002740698986093775,0.0013664548530813705,0.0033484972186580454,0.00424964564969834
2021-10-24,9.307030528651748e-06,-0.0003959816887764692,0.0037440354190588663,-0.002470244493305414,-0.0017139503327455099,-0.0027116236721889844,0.00017727129523679088,0.0015604620251360541
2021-10-25,0.0008068970042560471,-0.0024411780828970026,0.006168042720597024,-0.0018552056086907796,-0.0032181710089580293,0.0029949321068891603,0.00011135884242168917,-0.0018484239121063658
2021-10-26,0.003761882587018239,-0.000780508147856244,0.004684986249706823,-0.0017761759276406501,0.002655104842011201,0.008570527134770434,0.0006899260505689528,-0.0003291458323734159
2021-10-27,-0.0013983077490205846,0.003151129516661178,-0.0037785580122682923,0.0028375975285010726,0.001482881300125342,-0.0021522896462479782,0.005120564914966464,0.0026056763375349175
2021-10-28,-0.0010918386310529824,0.001773080970683829,-0.010644172247672891,0.00400561770874576,0.0012288128748152523,0.00040331485633911257,0.0012027719473539607,0.00012537511313054475
2021-10-29,0.003302996942614461,0.0020352337509442183,-0.000840725233974662,-0.0006165739180241811,0.006271100920109906,0.005001180866828448,0.002978337231646137,-0.0010540308210859376
2021-10-30,0.0037295875103054788,-0.002225813674502741,0.00719564382356247,-0.0035960765780175224,-0.008879804880332496,0.0062991092343532085,-0.0015454443717223953,-0.0013082600911734632
2021-10-31,-0.00035045848022359006,-0.001580547245357233,0.002418419374566323,-0.0076859304640093185,-0.000517184310580913,-0.0007674568085969368,-0.00010174278349113706,-0.005421441868688484
2021-11-01,-0.0030111097584793614,0.00021008463248874072,0.002648332297354358,0.0007840612260943702,-0.002498542190717442,0.0027399708968268532,-0.0003089544952704516,0.0015031543448637242
2021-11-02,0.0036047274903870472,-0.00425147864684517,0.006995273595322134,-0.0032463381217817727,-0.0035259671189302203,0.006458033586366785,-0.004355303464988121,-0.0028386738413420246
2021-11-03,-0.013729394539467928,0.0008692463208840516,-0.022989666256912945,0.00023820690519272067,-0.009628035683040414,-0.011944959051766652,0.006438768910906058,8.771771400704415e-05
2021-11-04,-0.0067908871375298606,0.0019215787107931927,-0.0016830256383163658,-0.0013784445204313074,-0.009442549369556843,-0.0028737371191649547,0.006068638648239186,-0.0005125595630235848
2021-11-05,0.0016418210958726248,-0.002696469910292196,-0.002575178484999438,-0.0012376346484026573,0.003138493451160438,-0.00012605119524050604,-0.0026708100980851386,-0.005153055409842356
2021-11-06,0.006164389637933919,0.0016174145475607675,0.006633519957521757,0.001755852046074349,0.006286951516741817,0.0077826587352664905,0.005669099402085171,0.001012482072659643
2021-11-07,0.004458038983195461,-0.0024391392783711793,0.003641633093627348,-0.0025509883848878565,-0.002633350236930682,0.0020823980350732955,-0.0017936455208499907,-0.002737476028414571
2021-11-08,-0.0030964613677437755,0.001957423987049226,-0.0036900903245609914,0.00670245132851325,0.0033295978698127866,0.009111811622736148,0.0022803185104494452,0.003207160218653135
2021-11-09,-0.0012430211107863419,0.0017853468635594884,0.006341817180920448,-0.002302800152223474,-0.0011211098822134014,0.00010860711220737146,0.003326189877296042,-0.0007301063030180254
2021-11-10,0.002059180348311298,0.0017603935125488014,-0.0016348896118799664,0.0018640271300396593,-0.0022371151146273137,-0.0006759121744708759,0.001563043401972102,0.0024706755852831894
2021-11-11,0.0019881408005806176,-0.0019594570228266234,0.0011834807519235594,0.005307649239012106,0.004348256994041817,0.006180940243591259,0.0009610881990928353,-0.0017429463135732735
2021-11-12,-0.005753030072603476,-0.0010780736412308544,-0.00535799131649445,0.005781720364082234,0.0033426735652610684,-0.0006230366875193376,-0.00011714380641559012,0.00216340064086889
2021-11-13,0.0032512808191854335,-0.0001412696054765229,0.0014665950347748655,0.0016262317952588415,0.0036846236015078957,0.0068588377383356205,-0.003187786039665691,0.0012384379502637089
2021-11-14,0.008720458828911122,0.0015707996597594679,0.013100672942546798,0.0025791115852067887,0.009638101366798622,0.012123725999674761,0.0012317272950246108,0.00557462143810156
2021-11-15,0.0015166561656568148,-0.0002479178078126472,0.0004584741397541313,-0.0011831603726193897,0.007722413022306073,0.001176597457631409,0.001711744018587563,0.0008065372824585628
2021-11-16,-0.005760020597984815,-0.001410361623776172,-0.012297813907125327,-0.009701238360635602,-0.011697059986205538,-0.010125634279877217,0.00018529955252162252,-0.0016465913432039015
2021-11-17,0.006954230641414539,0.001914514595853551,0.0008594792068623027,-0.00043619299759805664,0.0067988593839314205,0.0041999902283632986,-0.0015373368219060335,0.0021724211410183232
2021-11-18,4.4197800476652055e-05,-0.0014292526465658616,-0.004391573339163333,-0.0002487931435845866,0.008665009817963486,0.0027410689033282305,-0.006141883933161916,-0.002232942850666478
2021-11-19,0.0027181255439779886,-0.00316997132707027,0.005143530820266981,0.002776295762614885,-0.005519743750536811,0.008225965708949122,-0.002907634839174656,-0.002382331579961516
2021-11-20,-0.00020230554389951338,0.002838037767480214,-0.0014654006093459404,0.0027032354675778068,-0.008251027323850897,-0.005160593748307616,0.0019330615475491469,-0.0014892742314099685
2021-11-21,0.001643089652263741,0.0028695264017846913,0.004128334037345917,0.002117173137701599,0.0021904046372756107,0.0068785704400296,0.0038714414927249166,0.00479412577689638
2021-11-22,0.0018134034473211416,-0.0003443352407259749,0.0033226624647758147,0.005564300671633173,-0.0010204704638192357,-0.0018038803245335692,0.003632352836285174,0.0026730925278092513
2021-11-23,0.0066047550347199425,-0.0010908323173522592,0.003483049618807589,0.004427770931280306,0.010107788894173218,0.0055775527163351,-0.005452957513162573,0.002098342066614618
2021-11-24,0.0041962001960256685,0.005951044988333931,-0.002019471553270766,0.0035116435529683934,0.004581419289878961,0.00023321151068978214,0.009271468180579013,0.005562893684337159
2021-11-25,0.003942782366522724,-0.0014890807020812346,0.002769710063122033,0.0018951873821896495,-0.004424895410613193,0.0021033349237393126,-0.001127363287594691,-0.0004812479393325138
2021-11-26,0.0055967008428860765,-0.0009542928277504659,0.005489672739708019,0.0006367418157053611,0.007560378496442641,0.006623192001059982,-0.0018489424099113582,0.0025805269064963408
2021-11-27,-0.0023906608034356437,0.00338980143374254,-0.004773820851258248,0.0019392492095628262,-0.0005757123019831853,0.0013778418778971873,0.0021971619173364186,-0.0009860954659192452
2021-11-28,0.003936778470493696,-0.0030369853671955295,0.0035831565970667893,0.0044810994281170675,0.004825569269175632,0.004046994276163273,-0.006869036892661593,0.0010262062871461417
2021-11-29,-0.0025771133885151955,-0.0008062100299482056,-0.011258932436327931,0.006808879567720475,-0.010555254635933823,-0.002713302953438252,-0.002218471332071523,-0.002440825790455533
2021-11-30,0.003757769683637246,0.0013830790840535295,0.008655360010727371,0.00500961770495572,-0.0024601603296578395,0.004409648210259917,0.0027661828830235764,0.0021179678543333685
2021-12-01,0.0016837822008621901,0.00041327480258196783,0.0006878444078564912,0.00014351874365149182,0.004621792404296927,-0.0003882795827899381,0.00013776162144231384,-0.0018133995794630663
2021-12-02,-0.0035379816154797053,0.002863753781126629,-0.004024544836121497,-0.0022235146481269,0.0008544743996550301,-0.010787344571126364,-0.0010593447387699194,-0.0011782204805736302
2021-12-03,-0.0024193087589280786,0.0009116101666879509,0.0021911790179346214,0.0009285645395384342,0.0012770179488019362,0.0021770447595315648,0.003983344713231247,-0.0005491159991619584
2021-12-04,-0.005983831382941508,-0.0009377712967497166,-0.011392553629073288,-0.005933788110430794,-0.005849470554468527,-0.011715848231576245,0.0014421806639433137,-0.0017159789357457996
2021-12-05,-0.0028848324121299226,-0.002614114387561494,0.0012105407390321848,0.002343410469845949,0.003042467214415461,-0.0031151601339380265,-0.0038215637581666207,-0.0029419351460312822
2021-12-06,-0.00833961952461858,-0.006327274503889876,-0.008807268402374585,-0.0016488466343263402,0.004678394916464935,-0.0009135341465753823,-0.005381234940631699,-0.005882464380949399
2021-12-07,-0.0025448098419035064,-0.001455651402180886,-0.006998842379589208,-0.004853227121042188,-0.008451157292328986,-0.010415454094092296,-0.0031005271824431995,-0.00437334057282318
2021-12-08,-0.005713863344444575,0.0032216244653001857,-0.0034255729308122055,-0.00033709946448770014,-0.007433665874301931,-0.007119400944425154,0.0027544176588323818,0.0004999409165216688
2021-12-09,0.003363448661137191,0.0038510061783434604,-0.0025047076704747795,-0.0010592509835293498,0.005107121379406819,0.0050632008912021645,0.0034913831440259876,0.008797463434210916
2021-12-10,0.008022620734775884,-0.0049632796048349696,0.011495486523364223,-0.004743777989041273,-0.0015811155686268957,0.0017402944026930715,-0.009294163874065356,-0.004507275868297591
2021-12-11,0.0001817280211722215,-2.1659688372470534e-05,0.005060183160800628,0.0006030212638401055,0.006149759804209593,0.010092125966049054,-0.0012920856253530956,0.0014597942266440164
2021-12-12,0.00284507630426951,0.0004480495883072967,0.009368602462051871,0.006261394318309265,0.001817234158188259,0.011182958447668413,0.000519785051358564,0.0040114878464978165
2021-12-13,0.0006658508110231831,0.0018024856451886906,0.00028602933506282355,0.0012704110737737906,0.0054329667976582416,0.003234983492970094,0.0011162584640203959,0.0014443171818559336
2021-12-14,0.004025265275159981,0.00616712786303156,-0.0056007793632893745,0.0034031455657294015,0.005199292255479043,0.003434723425987135,0.005746955558158542,0.005894824070826183
2021-12-15,-0.0039580083904482985,0.0013416659285111195,-0.002555657774093555,-0.0007177855575608257,-0.006040605560788989,-0.006112538866153942,-0.0019421962136923693,-0.0006618752496339601
2021-12-16,0.002077420255272566,-0.0026876172184243383,0.008844056812494772,-0.0025910412078246014,-0.0019137108325014652,0.003418442761654495,-0.0017146714802041343,-0.0071415028458385165
2021-12-17,-0.0008892167060849168,-0.00014945201963031263,-0.0002869461566907471,0.002210575643184977,0.0006554050171878804,-0.0016740683526711507,-0.0008610768853531171,-0.00146500187757358
2021-12-18,-0.0033691695807823562,-0.0019441626913351757,0.0018900089882384974,-0.0037682286186693616,-0.004274764817546798,-0.004426212621656621,-0.005066359713711602,-0.004385383131774243
2021-12-19,0.006123921848287175,0.0013919305924269293,0.013302564318595536,0.0020134845067871286,0.008980354183026309,0.011560118989160711,-0.00044901242402321686,0.0003274238166712634
2021-12-20,-0.0078070153947937485,-0.00039608908616750946,-0.013013965237449823,0.003544698084881537,-0.005925236339017603,-0.0051378277288930945,0.0016593114085948497,-0.0009567184693439561
2021-12-21,-0.0005966423340714698,-0.002313332779593205,0.001142227050297227,0.0011613092837073167,-0.004088915041704263,0.003416086040562999,-0.00372167298542467,-0.0017470889522037463
2021-12-22,-0.003722975568817983,0.006333832046955726,-0.002882470726698879,0.005450868220999329,0.0010239022040521414,-0.0024543114715328204,0.006397421214533384,0.005054367711114528
2021-12-23,-0.003277498211971569,-0.0015150337658319172,-0.003775830319726521,-0.003829269004598842,4.895149992673403e-05,-0.001377230741601641,0.002499550561809523,0.0014884438489734943
2021-12-24,0.002396977571459463,0.002464750634152331,0.0019748519410966656,-0.007923593877177134,0.004307017730830318,-0.000571115586029937,0.0004960282746616629,-0.0032035225072158005
2021-12-25,-0.0025449230551783594,-0.0011276689332580902,0.00038850097092702336,0.006029985524899581,0.0002742653408958201,-0.00490658458502209,-0.004822095544895193,-0.0010055104928161534
2021-12-26,-0.0006307001840153057,-0.00021850115816394577,-0.002872134740626167,-0.0001356794450109111,0.005776738582386737,-0.00524535890519036,-0.0003371375379699784,-0.004169115589911138
2021-12-27,-0.012296238067738458,-0.00017317358702155348,-0.015682072865231548,-0.005595083442759843,-0.008395833753489026,-0.021027882658889045,0.0038593905867982097,-0.004647557268035532
2021-12-28,0.0046418918211194714,-0.002764351778515434,0.00406425378698758,0.0017390136776518727,0.004219315258228108,0.007424790393818127,-0.001390591315006633,-0.0027210064968756476
2021-12-29,0.0040223120225006456,0.0027573437145862892,-0.0031211432185955976,0.005236487610281755,0.006494673837772776,0.005809417038465052,0.002560162230701504,0.0030733188436105857
2021-12-30,0.009926337809486112,0.0014665707057550054,0.008186164566266996,-0.0026254614223912066,0.0012185653443419966,0.007794575725695913,0.0018630048758740778,-0.0007339072937031699
2021-12-31,-0.00553359096084329,-0.0006273295240548959,-0.006887132691768574,0.006073158961848623,-0.0037745908562802064,0.005818883417859365,-0.005028273143476465,0.002530136777766363
2022-01-01,0.002058995461812635,0.0036130275594099016,0.005692229077988228,0.005378575974384046,0.005027520126865103,0.006516841097880725,0.00261503100900161,-0.0007776971498749968
2022-01-02,0.011668202497023702,0.0033781412309403045,0.011811894077634904,0.009172135065102595,0.010897981651526036,0.014312659225475319,-0.0005227736048020167,0.002058730213676196
2022-01-03,0.0015381152803597353,0.00021370644488412886,0.0009374907560713119,0.0021390401280660387,0.002522134708914531,0.007867301565903545,0.0014760256315910214,-0.000569909935091943
2022-01-04,-0.00020663661977766198,0.0034763093517268468,-0.004579042323371151,0.00017636536962768333,-0.004377393149718417,0.0001626244097493359,0.007068322384511134,0.0021787301047036245
2022-01-05,0.016604674661454415,0.002505375420995698,0.019318872322054058,0.0014564858032382834,0.002984568003553502,0.015200874466688902,0.002003463315930118,0.0013082687729314727
2022-01-06,0.006774504377870653,0.0010446787059749298,0.013939552883265531,0.0006306700106195913,0.01336464509244162,0.016607219669537928,0.003762746582286121,0.003702919624693949
2022-01-07,0.003090176149142241,-0.0013679190323774033,0.01642301897584566,-0.0013139259491162256,0.009092812713826977,0.007610297917278741,0.0010288743281952866,-0.0002074343338972034
2022-01-08,0.0013640600296114993,0.00039910554723248705,0.006345988895457635,0.011073430931777888,-0.0015654177546933655,0.009487803056632818,-0.00040644796550071805,0.0009989137967535513
2022-01-09,-0.009342597372778871,-0.00104200306503133,-0.004280567443840339,-0.00021550052951659654,-0.008207149067320308,-0.006489331650898566,-0.0030188004920748525,-0.002594797068249748
2022-01-10,-0.0064820790324965375,0.00033709250280099267,-0.0061718425212350676,-0.006507550960912253,-0.007428757888837927,-0.006493864776044387,0.0021217809598822073,0.0006355311959833951
2022-01-11,-0.010331893461722894,-0.003691585818527561,-0.004683907429025627,-0.002129164825191941,-0.007433910092683353,-0.00357242404323048,-0.004090769358959912,-0.0017346143638585138
2022-01-12,-0.0045734949612728625,0.005480729916240337,-0.012813590037200293,-0.0051586650585941154,0.0017370729664573762,-0.009437530115503396,0.00508300330156893,0.003583437549187691
2022-01-13,-0.004121746976735486,-0.0019936720599688083,-0.00018608361437923404,-0.008561355771374454,-0.0008289127565911384,-0.0019896863585204625,-0.0012032056602709102,-0.0024503843312927154
2022-01-14,0.005987306213745043,-0.0015320953871785941,0.007745111951620034,-0.0015123735617114807,0.0038755173100872985,0.0007976943402339309,0.001502173565936094,0.0008715846322708695
2022-01-15,0.005715684641395413,-0.003829544085786262,0.013744388577039178,0.002508114760061504,-0.0033669252087187296,0.0023946250319047484,-0.0045224734472200726,-0.0007353869385359736
2022-01-16,-0.006360348712848447,0.002559292957655382,-0.0001545913453953988,0.002309034767579552,-0.00023202860615615238,-0.0027873855454811614,0.0029663335191259205,0.0018324030500243887
2022-01-17,-0.0034439728990455195,-0.0016746441829312492,-0.009466163948869883,-0.007459706085003382,-0.009117527255213028,-0.011303982624865285,-0.0030551143712866115,0.0017761557163275972
2022-01-18,-0.008718857511869262,-0.002113096262866033,-0.012290600833211818,-0.0011149500398253992,-0.005227531045644007,-0.00767200718272256,-0.002592199383394488,-0.0015891003042112562
2022-01-19,0.002374601382487354,0.002268409537124805,0.011512899600833765,0.003176003758809734,0.004548487209853856,0.002842047676501039,0.0003921939815033128,0.0018018702466037922
2022-01-20,0.005987365214844869,0.0018788221829049373,0.0030799092940475207,0.0037492486253095014,0.005767434453359887,0.010723379519338052,-0.0009764605444914886,7.593111754880863e-05
2022-01-21,-0.0036615918330718767,0.0011564464068511428,-0.01083243521736921,-0.0006235824148407615,-0.002478913604839762,-0.006777413294352652,-0.0009834770878631716,0.0008397691163928665
2022-01-22,-0.00945243578818243,-0.001948388120161821,-0.013090890957415205,-0.005979429312081475,-0.008190252673245588,-0.014894957904339064,-0.0050964131463614405,0.001152411171034385
2022-01-23,0.002092805565690952,0.00311306674013587,0.00378935997622192,-0.0006382490298199256,-0.004407573504423489,0.004770366302493827,0.006429207560697184,-0.0006748640209362544
2022-01-24,-0.007397829616208398,-0.0027376902357347734,-0.005937408239750293,0.0021709469627674487,0.0017342377550615788,0.0007615866652937874,-0.002656477553759553,-0.0008833889555024616
2022-01-25,-0.002655324442173931,-9.263907232128666e-05,0.0020602629963721126,-0.0025637942380485686,-0.009455255325987299,-0.01134922119469546,0.0035602063322219867,0.0010762094746768433
2022-01-26,0.007584999819647494,0.00314116707095578,0.006762055203279846,0.002527377149608507,0.009684960011986349,0.0057181086092791,0.006200642225319526,0.006695585715918626
2022-01-27,0.00372773469651047,0.0007943757843152389,0.00639124240733647,-0.0019039349840142068,-0.0027385086069935945,-0.008414021539858237,0.0057393851032432825,0.003348964743217391
2022-01-28,-0.0027656791137396306,0.00010765270025825755,-0.002015623717188026,-0.00012510944556170283,0.00414154593043923,-0.001319547207734471,-0.0036759608251298783,-0.000730889671868621
2022-01-29,-0.00036863416010912806,0.0013562134614411572,0.0032146714423040732,-0.0017889435213481867,-0.005486123420634964,-0.002040070449082945,0.007002595437071425,0.00011029866980351278
2022-01-30,-0.006441831567891612,0.00224868231076095,-0.006442232863571432,-0.003544692234691108,-0.00846882790505529,-0.012203710182258878,0.0012345126298782803,-0.0010691715069378056
2022-01-31,-0.0024341323235803946,0.00047061096611323135,0.00026486269861423914,-0.0005567281704565227,-0.0012430208446932243,-0.0024330985901534975,0.0026541287095068777,0.0011310170215341514
2022-02-01,0.006575649677741026,0.0011234450254364414,0.007689785072921615,0.0023905249375861144,0.0030989427454092265,0.008289033578472946,0.0030122401484073413,7.264146427772412e-05
2022-02-02,0.0040042943064950345,0.004202540020867659,0.014213610581243999,0.0026513314234563596,-0.0017314124224996736,0.0008181411761457249,0.002985150546931147,0.004368197102057346
2022-02-03,-0.004959529417432867,0.0005662781811757531,-0.004773818512115689,0.004419271007735225,-0.0024630617832685706,-7.169672433506461e-05,-0.00015580290193516693,0.0005716399002763482
2022-02-04,-0.0017343948696003544,-0.00344138587783463,0.0020907858716289695,0.0026197984079120206,0.002596007249069513,0.0003073581301102258,-0.003555898521602645,0.00041605428515633226
2022-02-05,0.002354983926648918,0.003797750990215204,0.0016902799119708903,0.01000527814188443,0.006535849523286882,0.005247477701043879,0.002372774479958395,0.00164366882844844
2022-02-06,-0.00506353582701857,-0.0003590348475088852,-0.008843065395102595,-0.003320265855971875,-0.001490416624882376,-0.006676668090938528,0.0011566179317710943,0.00010642231640261337
2022-02-07,-0.0024524256047361217,0.0012508717044677588,-0.004809957310836529,-0.003492166858704503,-0.004586668388526114,-0.0005188665536129838,-0.0005188173397605332,0.002914285632890021
2022-02-08,0.0009725538015141114,0.004591176308142045,0.0039965754787059105,0.002373432809620514,0.006371420529762568,0.004908749042633018,0.0036730541951250457,0.003020089669635838
2022-02-09,-0.0020025964783047965,-0.0037654474711300416,0.0023553074509201403,0.0034314713797928232,-0.004619216659037389,0.0012057326684393396,-0.00691236495477925,-0.0024754711081379313
2022-02-10,-0.0017479145228609905,-0.001599241836560621,0.0027712145447153654,-0.0020313626861871562,0.001162036140783842,0.0031548582305972106,-0.0022810505428939288,-0.001726472288452776
2022-02-11,0.00022380213548159295,0.0024154303255720577,-0.0002665339737036682,0.004625163165461262,0.005562056048019194,-0.0029500471717637754,0.007872249317201119,0.0022982823724924818
2022-02-12,0.0020205436243456677,0.0029207712222611088,-0.0024527025346568624,-0.00024546026127869147,0.004430190760652945,-0.0011506490472101673,0.00026458098496492103,0.004066778284639944
2022-02-13,0.0026228558995023115,-0.004492839581637345,0.003987319138798463,-0.004430752987886872,0.0025604310701045217,0.010434021930367389,-0.006236750863152849,-0.0055094305360969325
2022-02-14,0.0060667909882345696,0.006196528360949815,0.0009712550096571825,-0.0012615278195823455,0.00743624322924835,-0.0012631640883159537,0.008712050036077317,0.00670955567335519
2022-02-15,-0.0021611600177427566,0.0044957541827642935,0.0006901702719992481,0.0006905222320060665,0.0014876335163093756,0.0005739452304288237,0.004840150578417181,0.0006103017845145095
2022-02-16,-0.001358774694240257,-0.0009947523931775426,-0.0038654216309915233,0.003022726425196087,0.007424124871126975,-0.0013175035421196211,0.0011551408528322612,0.001676604187471495
2022-02-17,-0.004572080963164734,-0.002180648293862628,-0.005110646552797961,0.0004080765999363924,0.0012256253449691107,-0.001128984936038984,-0.004289952692691067,-0.002385048295179348
2022-02-18,-0.0010026366229875033,0.003101650092798377,-0.008104730655728306,0.0028417987137385648,0.008772366186940782,0.004684767578475379,0.005440569859708628,0.0027197665812310904
2022-02-19,0.001712899650075101,0.003277066597287678,-0.0005148086603789757,5.829029344494811e-05,0.004092898276696549,-0.0004182672503041875,0.005292146178012928,0.005410358626336728
2022-02-20,0.008500464766026073,0.00045415552093078313,0.014978982544564258,0.007347701033841482,0.007298515850475871,0.007403753783539449,-0.005446793383460457,-0.0019342609027683609
2022-02-21,-0.006202582788431921,-0.001440755623175606,-0.014690676235116499,0.003869797571748669,-0.0030852481432264017,-0.006132841474490082,-0.0024210063956558955,-0.0015319161081059436
2022-02-22,0.004006354747067646,-0.0005097754512183129,0.0046675271457101665,0.0016303812776854317,0.006007918952674627,0.000530661333008463,-0.0002543197651231348,0.0005019494748789418
2022-02-23,-0.0007100239526188277,0.0007109590678858025,-0.0029788747930102866,0.004572854523755534,0.004216381012263589,0.0017542241562359668,0.0013435624712536459,-0.0010462857299951504
2022-02-24,-0.0004478016908274267,0.0008727159074393524,0.0016342976135582767,-0.0030017200419974184,0.0013380011081748212,-0.0033469722092336553,0.003943646980277784,-0.00014034399050448672
2022-02-25,-0.005270979075515821,-0.0015774820535342574,-0.010750126312168332,-0.0030686272546370536,-0.0013581473284762018,-0.011209263607052435,-0.0004980824326504429,-0.0029442690790432205
2022-02-26,-0.00017526961778636035,0.0004233876684519844,0.0031238185132707354,0.0044920858042296705,0.005633103999071867,0.010256231536439293,0.002535429149649534,0.003439873454814398
2022-02-27,0.009686493449200393,-0.002390263967208467,0.014935176791170847,-4.8454469512209324e-05,0.010613504114902033,0.011053335364304664,-0.001725924220672994,-0.00018830725321852088
2022-02-28,0.004627034557132999,0.001288978498051607,0.013627408865578698,0.0051974895261522325,0.007362678871583853,0.0011390596151803515,-0.0005034427490287618,0.003504558925200172
2022-03-01,-0.007956363323206652,-0.0019076135941222831,-0.007187064998849047,-0.005566129215031312,-0.0016175215486371262,-0.007642612370860793,-1.428624598626151e-05,-0.002822049796779242
2022-03-02,-0.005638881581265881,0.001233707049551358,-0.006175361694619549,-0.00089198465083097,-0.011758357768488423,-0.008413434234389922,0.003090307413284705,9.411060592773033e-05
2022-03-03,-0.003150044089172962,0.0009011657308136285,-0.005795542597588627,-0.0021041686041847747,-0.0029667720853644355,-0.002400300380927803,0.0017558735098538664,2.529673242526392e-05
2022-03-04,-0.0024444438176832077,0.00033361091319498304,0.00015551694710855805,-0.005647170015369104,0.002728571641561714,0.001088535744862339,-0.0028404058792134966,0.0035697244816763445
2022-03-05,0.0031184951348537477,-0.0024786393592957133,0.01100484132677599,0.005707455943919559,0.008190605641406565,0.009506930341722413,-0.0058441499523019524,-0.007364343522121276
2022-03-06,0.0005520687141597856,-0.0008589758482601309,-0.0030986331672392844,-0.0021968382277737044,-0.0036019454766061305,-0.009597485273704383,-0.00707967596487353,-0.003885363117695761
2022-03-07,0.005877543082064011,-0.0005421479676013145,0.003055525374336991,0.005508817070847127,0.005158809316223558,0.004694611079954756,-0.00027458805733747156,0.0014375219046165206
2022-03-08,-0.00422302890429908,0.0007590558525847946,0.0018336043240677806,0.004026294045174224,-0.0005347080129247074,-0.0061338972692854075,0.0009859544820875268,-0.0006419695911373261
2022-03-09,0.0018142807888463432,-0.0019670684815653824,0.001595881433107389,0.0013504730947340596,-0.00773944585275524,-0.003931724059739005,-0.0018730365236941128,-0.005494981882250906
2022-03-10,0.0030120615567060067,0.0018270399613488472,0.008209166592878238,0.002734897226500764,0.012322594923067415,0.012198237553822723,-0.000996288709973356,0.002106827401061446
2022-03-11,0.0005407159171281241,-2.860374324085929e-05,-0.006173678890319962,0.0015657199587001264,0.002040345572050827,-0.0019417681102023615,-0.0006199613159349277,0.0006757924163532327
2022-03-12,0.0034490109317741524,0.0021191162105420706,0.0032720248965543404,-0.0031624852902489837,3.509131149000391e-05,0.004233843073305342,0.0021161728244808646,0.0019586409498762477
2022-03-13,0.0056200054624767045,-0.0001280661026255678,0.014806864803991212,-0.0028343701388713356,0.0015613709798989201,0.007372405682446385,-5.828091845881753e-05,0.0023008060265656857
2022-03-14,0.0015669760927076051,0.000703641990471109,0.005517840482790994,0.00011685415989266828,0.007634562523972522,0.0005878948099190706,-0.004536753326176824,-0.0031398950658215016
2022-03-15,0.005032114150032716,0.0029629079885172805,0.004916527412895731,0.0033451390451498895,0.008155970126583534,0.01359449042986983,0.005141118381722122,0.00501542917544119
2022-03-16,0.006110225413180625,-0.0004778529887607388,0.0111666542138645,0.0037430460047244377,0.0140078563699488,0.01274597979733759,-0.0018776161659466043,-0.001440797968288098
2022-03-17,0.009822647122565713,0.0022304270092213065,0.015351066909299443,-0.0003428215744849029,0.012939233545153108,0.014193056090063346,0.002432181830024758,-0.000641145200492635
2022-03-18,0.0037337949834312916,-0.002135256176704634,0.01138390234898777,-0.001061903449003305,0.0048385000042347,0.008152856187926896,-0.0012844761314577797,-0.001584944432897887
2022-03-19,0.004528573959541793,-0.001464931710200019,0.010653155374275084,0.002321754921798978,0.0041392891058519765,0.008493019322389567,-0.0030369380888207145,-0.0015150353720533613
2022-03-20,-0.005463468346566648,-0.0005264807500961852,-0.010170614994943953,0.005583976353484814,0.008521417391078086,0.004573430657767319,-0.0006282464678085488,-0.0004505009387154839
2022-03-21,-0.00012135531770485962,0.002218425635315152,-0.014403916370451953,0.005125499247434953,0.0007034136199365477,-0.000699246850710768,-0.001279498074032328,0.0006887496500781042
2022-03-22,0.0015005948208657517,-0.0023058417381844392,0.0024029731179631524,0.0005630112745158708,-0.006398028608812428,-0.00481064081815721,-0.002389340117859107,-0.0037260028514346667
2022-03-23,-0.006033175370349306,-0.0014056234012793007,-9.597823242900961e-05,-0.0012250055869633542,-0.007027694355554325,-0.00804663391414044,-0.004578904281127015,-0.003258029403967199
2022-03-24,-0.0015270579337896318,0.0012584470038866464,-0.007391363124033169,-0.004533376743449049,-0.0053476967165186,-0.008044455733988173,0.002458169358430533,0.004854612819257691
2022-03-25,0.004368518569747928,0.0007079447774767035,0.004761446993261095,0.007771860921315894,0.003871628745829588,0.003488252851789157,0.0024186667179766433,-0.0029194197655638726
2022-03-26,0.001982566368030068,-0.0004175793102844454,0.0019879672009629383,0.002000964493452429,0.005261325762808881,0.00032978940643992147,-0.001567255988109736,-0.0005200852635787178
2022-03-27,0.0021300870092952643,0.0009946229799392403,-0.0023411227979960826,0.00490606725057198,0.003364336029469875,-0.003199837590867319,0.0017522633518180148,0.0015450913090610061
2022-03-28,1.8812315440346717e-05,-0.0009434163399002153,0.010643447622805679,0.0027696475794970294,0.0019470637949799995,0.008089704470911693,0.0007668074951891193,-0.004654305460731481
2022-03-29,0.00018567146520015733,-0.0033799934343232987,-0.003997721702214778,0.0026505307697846435,-0.0002839909341551954,0.0037674992741625227,-0.003275922849447381,-0.001884650363230939
2022-03-30,-0.0001067401635595572,-0.0010405986626748174,-0.0061590425629247415,0.003129801641135977,-0.004260660362006238,0.0013034272775175955,0.00025034569024819103,0.001816193873327846
2022-03-31,0.003680443555262024,-0.0017084253091532806,0.006180108811615768,-0.005033903535432429,0.0027585095448341966,-0.0018577347112709044,-0.004584978349858665,0.0010146932628113605
2022-04-01,-0.0008578490507142925,-0.003873599840024437,0.004896029270129453,0.0039504804708863205,-0.005633920323300653,-0.0034096502223107225,-0.004080469858375255,-0.0025261672452122283
2022-04-02,0.0026518182667647824,0.003975238956162091,0.0007855927713444652,0.005927281996383895,-0.000276706540101999,0.008104598163448698,0.0028440617144593876,0.001694467142234144
2022-04-03,-0.005329717192747922,0.002750882478800896,-0.00811917652048283,-0.004092329316629049,-0.010135364928946324,-0.011194547259644496,0.0027573261989973226,7.769582896938356e-05
2022-04-04,-0.00788759136116523,-0.00465064584849234,-0.013807653960748598,-0.004865765688937037,-0.0001767070166605283,-0.005989238131584947,-0.0014173304927057823,-0.0060621934521154774
2022-04-05,0.003080703857325085,0.0022697697558305818,0.011467023166841325,0.0019322449660459887,0.0071570807180338985,0.006334783419931599,0.004736890696773634,0.00131248926338381
2022-04-06,0.0086891355849056,0.00196855437352771,0.004430333548874144,-0.0029052619992373276,0.0043344847350317624,0.002788129435419318,0.0012834211309906039,0.004295891693729204
2022-04-07,-0.0018318664736029367,-0.00552308563744098,-0.0015195892576718901,-0.012315775189295414,-0.010834327325964553,-0.003975490423791721,-0.006620755771431533,-0.005915819314694749
2022-04-08,0.0028322295709227747,0.0038473417610507704,-0.0031902587746577885,0.0024402126683452643,0.011091532409344148,0.004685497676400943,0.0069426089032704474,0.0026075616109217962
2022-04-09,-0.0017339026108743316,-5.255588440832549e-06,0.00048693020796064805,0.0037445726132473095,0.0037394299792322056,0.005863906737153714,0.00043121064109765534,-0.0008791762775149719
2022-04-10,0.010309433992430934,-0.0016855090745994765,0.010523333800626717,-0.002937595527831091,-0.0004588264472552055,0.007673935284308271,-0.005311357628729715,-0.0012550730830095803
2022-04-11,-0.0030520571655008504,-0.0020396245156204026,-0.006401438871785803,-0.0030572181427854597,-0.007068108004062648,-0.006314649251504403,0.0015519929142551053,-0.0012655615332733898
2022-04-12,0.005258563236330193,0.0010952529879149052,0.01486113591361598,0.000125881006363433,0.00450724006812187,0.004999455090533943,-0.004764284537045435,-0.00042583573977030155
2022-04-13,0.0032509374284835314,0.00029916584975809744,-0.00046921391764384194,0.0042247123846959715,0.005982806876446875,0.008133528662418513,-0.002137241807619729,0.0005153163818326469
2022-04-14,-0.002597667049693302,0.0018148706606245484,0.00046647835101000436,-0.001743537007492095,-0.00010805770344874551,-0.005055643279549502,0.002525069535744931,-0.00028768777807714087
2022-04-15,0.0026027790875867048,0.0021560046664841717,0.0041486105239214015,0.0005776508594575361,0.00048115571539521023,0.0003298674396257895,0.0015137843712311784,0.00028685350748649066
2022-04-16,0.008199591599457169,0.004188332786285674,0.009334851907738074,0.005621428993902293,0.007303398133702869,0.012607140228451323,0.0028266868703818813,0.004594185775696875
2022-04-17,-0.003171243472052751,-0.0027553317394363396,-0.003030381183633296,-0.00014617759691413695,-0.007125892878919821,-0.0060242075738481116,-0.005179942446130991,-0.008866813280726846
2022-04-18,-0.0012644018078122109,-0.000874085900744099,-0.0016814026462477136,0.005988960670929287,0.00499283076033984,0.002607717683462783,-0.00030548323972936847,0.0030166459753898523
2022-04-19,-0.007551555097729041,-0.0059569392668375265,-0.009791394635027113,-0.00257301920422559,-0.003972617018720606,-0.007125750256241652,-0.008575320919165973,-0.002478558445970164
2022-04-20,0.002024409352634897,-0.0006770897346387452,-0.00022904896046671623,0.0003008479736146253,-0.01239255356142174,-0.0017397927400350172,-0.0005924199679271959,-0.0028226466973673473
2022-04-21,0.0056411184994918625,0.0006076486337443588,0.016481644766411258,0.0005811573964670829,-0.002132947227558738,0.0022738756205749155,0.0017342694115508172,0.002259479894896609
2022-04-22,-0.001742814489469121,0.006186766564156592,-0.00011483049377246287,-0.002926715171302941,-0.01037206437427183,-0.007273828191755726,0.008945608227197381,0.0007719651238819928
2022-04-23,0.002665221482924307,0.0012541629211245244,0.002148951314234212,0.0014238063934164907,0.008653645708590554,0.00979303909650118,-0.0006275612388436637,0.00234735810703773
2022-04-24,0.0013150139160066161,-0.0039389546136418055,0.0007413393587973915,0.003721759271053928,-0.004596442518846005,0.008446828648423513,-0.007310295301435576,-0.00040921379991469244
2022-04-25,-0.002974212546308236,0.0004733767095802383,-0.006463877374696212,-0.008769245344337458,-0.0006693385838543355,-0.0048438532099261975,0.0004920242359258035,0.00423030579195272
2022-04-26,-0.009054593651217696,-0.00038455989549187084,-0.012605720833204558,-0.006370076833757982,-0.007201921628221561,-0.006002445747020098,0.004096907220379856,-0.0024966019419765495
2022-04-27,-0.003248685007821453,0.00034309740937519406,-0.0023153550579326906,0.000996441340070698,-0.005054187939143378,-0.008585842964649093,-0.0004284762547451383,-0.00024195995095685258
2022-04-28,-0.00106596797201606,0.0026661240482062014,-0.00524101621286574,-0.0003442522360591804,-0.007002259870392881,-0.002415110139733284,0.003562345385565401,0.001543106346926984
2022-04-29,-0.0012919034647586314,-0.001616418527133033,-0.008610479050467138,0.0009573166518002743,0.0019349415228323826,-0.00893569545920924,-0.0015890040224790587,-4.170197638416708e-05
2022-04-30,0.0029048098841163335,-0.0023286257624692327,-0.0006164660496089361,-0.0014828191895905542,0.012868657663434188,0.010411271029463657,-0.0016962180600423099,-0.0022696675472224674
2022-05-01,-0.002810621890006526,0.002929661046519315,0.00021295914657146753,0.004525893539727706,0.0004707555529864096,0.007564765417987798,0.00715722022468768,9.345006644875548e-05
2022-05-02,0.011136027973143944,0.00248580224469942,0.006850413329165468,0.012655943343846055,0.012097781174643378,0.012015941114186609,0.0023414273013965363,0.0034514564651203167
2022-05-03,-0.005294628932969821,-0.0014085996776898905,-0.008236152799651288,-0.0010187885892291354,-0.001090009566782384,-0.00012101439189884816,-0.00349635379521609,-0.0020470629457440223
2022-05-04,0.0019064676322158444,0.0013277859135653308,0.010733257353247712,0.006224534930650928,0.002929214078708299,0.007719152165999615,0.0020832141620495616,-6.375138571384626e-05
2022-05-05,0.0035284106113996575,0.003249239601324195,0.005862850337018745,0.01005589199112692,0.0018779168838088183,-0.0006265704178148671,0.003816309422090797,0.004577558904654702
2022-05-06,-0.01572804978508395,-0.0040605816377810655,-0.01924152622592377,-0.0015038375490628623,-0.010660537483901424,-0.010113229099114373,-0.001017244460951874,-0.0036471454119895463
2022-05-07,0.0023200042734496332,-0.000737097817640309,-0.004471030031527885,-0.003290245445323898,0.00185800648395814,0.0001338415294468737,-0.0028569415450225917,0.0034060655395214165
2022-05-08,-0.0009616617538438668,-6.823980716052357e-05,0.006638648395229469,-0.0015644451878840235,-0.005087300051721799,-0.0009094544587341385,0.0021415076740124816,0.0007688546068150447
2022-05-09,0.003593919401446889,0.0008323298653829367,0.006494515624523239,0.005836779856300263,0.006689569987633271,0.012916034112398889,-0.0021490004007468843,-0.0013353161860377876
2022-05-10,-0.0018967473392502434,-0.002979759718572573,-0.0013713866327197206,0.0007255938998423627,5.357995057125959e-05,0.0005601125562708436,0.0005935399241925616,-0.0035320918985773738
2022-05-11,0.004611334738315798,0.0034239059768753173,0.004116235067248675,-0.006781715588143234,0.011713635507038706,-0.001813419219138238,0.004108475451644681,0.0024892278605909562
2022-05-12,0.002011363204571094,0.0021744433970112787,0.00148038412070438,0.008386464986470693,0.0023322701500252687,0.007605193604354439,0.0011116080936574757,0.002600839887185725
2022-05-13,0.0010268833428841385,-0.0029278326402945422,0.0022450382631225402,-0.0010013805104211674,0.0013974600408316823,0.005895739490704966,0.000722408313745178,-0.005053034740348573
2022-05-14,0.009804173795130556,0.0011599818337915879,0.0077223364988889785,-0.00100877028667444,-0.004865744983858428,0.0032843911659533173,-0.00045450665819974116,0.0046882130959363605
2022-05-15,-0.0036913757091625865,0.003160215914587596,-0.00261867932547665,-0.002273649969641636,-0.003105644168095789,0.003050174912590117,0.004278945761326724,0.0009802692985711407
2022-05-16,-0.0012665459405422613,-0.00037484197634238465,-0.003952947884615855,0.0012444377124416815,0.005744403718362035,0.0022518228725346857,-0.000829868840307155,0.002011421140442353
2022-05-17,-0.0049877405948342834,-0.0019386312544369497,-0.011990045512901365,-0.0005441289195726733,-0.009747091218642121,-0.004924277166329634,-0.0017498139496314468,0.0008134863043091248
2022-05-18,0.010672085567731535,-0.004081814849349858,0.012000026653955753,-0.001359206002765385,0.010500798848543888,0.011785287997938583,-0.0036117873596754582,-0.0037576827790835213
2022-05-19,0.008411600460259563,4.101700199058466e-05,0.004742106989648548,0.006836469665592341,0.0037011235672488796,0.014568609502355157,-0.0032837562638091235,0.005637966912557871
2022-05-20,-0.0029139499670289776,-4.223887761797833e-05,-0.0056980098615154965,-0.0011053661462023649,-0.00688067944459463,-0.008100944810801959,0.00018770556947425083,-0.001546788979728036
2022-05-21,0.002391454246768932,-0.003431401668225768,0.0021819892530961452,0.002267239631719453,0.00021905602623688823,-0.001251027293849724,-0.007708576487330601,-0.0006399752267407129
2022-05-22,0.0036349462226115507,0.0023349329720708037,0.002286155240696617,-0.0014970252883028355,-0.011160911170759616,-0.0021695868602104886,0.002792172468939445,0.0006786078216352486
2022-05-23,0.004295007374198074,-0.0016548414587856425,0.004375456753171771,-0.00047562632905644967,0.014249393674240437,0.008422851545558732,-0.0018905482750299469,0.0015433294528585184
2022-05-24,-0.004284257509544834,-0.0037332102156524306,-0.0018895072303361528,-0.0019295887236754363,-0.0062322064619532635,-0.0064232026252851555,-0.004397284374817847,-0.003913204763892673
2022-05-25,-0.0038074423437955123,0.0014440526325818972,-0.010160658888935345,0.00450655736909248,-0.0011675904520492936,-0.004039288066383009,0.0026782629558567985,0.005884673127666607
2022-05-26,-0.0026167363022868905,-0.002879474085401268,-0.003022322140127551,-0.003339792735497954,-0.008888871362028757,-0.012476295958842015,-0.0035075255048199077,-0.0033511764008114864
2022-05-27,-0.0036477487820054536,0.0027461310991722773,0.0017845312455759571,0.006861460040977852,0.002895214364504674,-0.0029442623678037493,0.0040901824142973294,0.001683121754667394
2022-05-28,-0.002713631039677644,0.0003285194596651351,-0.005986690721607847,-0.0030864744267811613,-0.010014625130201533,-0.00518371902645256,0.0014363123890498708,-0.0034321210011737484
2022-05-29,-0.0031298598182844225,0.005219158727244212,-0.004320613690102056,-0.003403455280460454,0.0015160035372359694,-0.00437969128630288,0.009005366069369625,1.7496263262874767e-05
2022-05-30,-0.0046504495567632155,0.0006999638110142996,-0.004349109144676088,0.00406536696259464,-0.006659877347494874,-0.003268360487172095,0.0010460872029131067,-7.441808880343766e-05
2022-05-31,0.005239997508489874,0.00559671264654336,0.00597551826475261,0.006810378750878814,0.009457508119862646,0.0059953179100019835,0.003229523193194958,0.0046554384037521225
2022-06-01,0.003268227635581957,0.003150428283789465,0.004765036914687165,0.003763144898740967,0.0028067015063465363,-0.0052766417841399365,0.003959452574405584,0.0026804590616332333
2022-06-02,-0.00714866223152345,0.0007497575467744937,-0.0021332765598670966,0.004996411438816332,0.0019070942595155087,0.0002587745641066881,-0.0014769185248564652,0.001094445075660332
2022-06-03,0.011550946230867682,0.0007105294045451919,0.012766168897095639,0.00010458487950912979,0.007228124881483593,0.00181577841703322,-0.0018280616613988887,0.002906972191857006
2022-06-04,-0.004767770072743354,-0.0012751329823650368,0.0033761668697271366,-0.003291942605741035,-0.004965240605190288,8.726006652080758e-05,-0.004010460708574527,-0.004445874920763195
2022-06-05,0.003076555718509519,0.0002914435708044628,0.000596750493813501,-0.008207785249426836,0.0019565223716462733,-0.00151333503638423,-0.003508071432940419,-0.00033064718477813045
2022-06-06,-0.012241390297413038,-0.0028523033797521564,-0.01826139559587114,-0.0032116485665817083,-0.015997028720666696,-0.012316380647281017,-0.003656870827456337,-0.004639238516641075
2022-06-07,-0.0019204955702002105,-0.002415130686950834,-0.00934236871758991,-0.005581794180491959,-0.002220770555093452,0.003556283361518228,-0.0013659885414016245,-0.0042782437484472574
2022-06-08,-0.00686033184473977,0.0010762103700829623,-0.00879812789215925,0.004847210428961185,-0.004932431269705923,-0.010211155909641636,0.0030871871279071744,-1.9505121976797813e-05
2022-06-09,-0.003186246308210709,-0.0004341459047094007,0.0019211131211956947,0.005516912182895236,0.005508986305392371,0.004214455217858162,0.0005466952336078252,0.00023602739838699856
2022-06-10,0.0009695097423857857,-0.002571006925528112,0.0038009941908269274,-0.001285367748342743,-0.003419901157185944,-0.0034561622690268226,-0.0026529637075985426,-0.002731697800780247
2022-06-11,0.003690735491476282,0.0031865446087875745,-0.00037592003932684974,-0.0070090307489643,0.0066774560622730105,0.008194280274239029,0.002278764539548163,0.0015253080681603495
2022-06-12,-0.0023669903585955172,-0.0010558502306366997,0.0024707421129427686,0.00617615712164635,-0.009253279511853289,-0.0008621140572705022,-0.0004580869352263118,0.00028792034777847366
2022-06-13,0.003136541275770504,-0.0007478484405801564,0.009088972648623461,0.006460552404382071,-0.0013960446187677544,0.007296431043349242,-0.0014434175156186973,-0.002799322047687554
2022-06-14,-0.001565241240407296,0.0010422392935624592,-0.0007747970914038008,0.0002258167304037951,-0.005946330467652695,0.0009415203644107486,0.0005567602438099536,0.0036088666316014904
2022-06-15,-0.003859051225152445,-0.0019400932473471217,-0.0075859058784685275,-0.002270157267513521,-0.005831051776585106,-0.005102818667858758,-0.0031201680925888983,0.00041871390758597277
2022-06-16,-0.007238942988918794,0.0006049057240447385,-0.010570638448945447,0.0015362132401953565,-0.005090837398819583,-0.0038794252197669903,-0.0011976683519012903,-1.0413351448179881e-05
2022-06-17,-0.0043282403811611535,-0.004407382180236126,0.0012317734000419315,-0.006539355688005985,0.0064529817233402575,0.000826664073935162,-0.005554493858136023,-0.004423123845151986
2022-06-18,0.0007313909969506734,0.001262435006142775,0.005951305852139226,-0.0015393970508492765,-0.001255401241658391,-0.0028546826047308174,-0.002548392618057735,0.002403307193084697
2022-06-19,0.0007869315119370793,0.0002887263712274587,-0.00012704294132660933,-0.0022974018347367113,-0.004738989952716607,0.0011131205363866445,0.004096860083532036,0.0022621254875353626
2022-06-20,0.00737993626114186,0.003227692523062451,0.015586499941820244,-0.0013164593770934093,0.00024508286480684125,0.004150836024618646,0.00653461058073614,0.004117120631364771
2022-06-21,-0.0006067163122122429,-0.007062534807581308,0.01073448393507932,0.0030842386724399856,-0.002796996775170056,0.00567930171145087,-0.0032583478620558455,-0.004216782732994133
2022-06-22,0.0010332862820707934,-9.169952747030474e-05,-0.004305822874426935,0.0033577568670603106,0.0026236256558172842,0.0014158237196019849,0.0032081402898177943,0.0005890795217030619
2022-06-23,0.0005553689152129529,-0.000900536217925381,-6.727347669496065e-05,-0.004711858545585781,0.0015817851249308823,-0.003090327805079094,-0.00269364352926762,-0.0036118254458272895
2022-06-24,-0.0049354364912811265,-0.0014864394465532455,-0.005842433741351369,0.0021341429163171835,-0.0027078549986426057,-0.0014214627619611106,-0.0019507732062551766,-0.0021719881611309303
2022-06-25,0.008948186100696925,0.001806106570241691,0.007556730540707244,0.010649880992159542,0.0103980273672829,0.0131145949594484,0.0036844328423073103,0.006602504744217285
2022-06-26,0.0004365236873848233,-0.0036873259184174337,0.0031627472353735445,-0.0010951261867679692,0.007790431307569853,-0.005497981068211486,-0.004531760837127258,-0.0007067416194107645
2022-06-27,-0.0005352009127991314,0.002384114874772584,0.0008361350326986901,0.0026709865275305763,0.0023368928065516776,9.304232340104098e-05,0.005377370961201093,-0.0002931887987656654
2022-06-28,-0.003184152726921746,0.0017345157690384979,-0.004659141907292387,-0.0016287157604081947,-0.007419231723922924,-0.0054502962619758,0.005041326509702109,0.0018854350992118843
2022-06-29,0.0029083573536137393,0.00051815687072156,0.014552711349897744,0.001950478130579689,0.00023311717173387451,-0.0018517511672251786,0.0018289072604049117,0.0036774632697095812
2022-06-30,-0.006585664812759831,-0.004931910826649962,-0.008656495948227108,-0.0028326965213267183,-0.003477310390051258,0.002821592628906043,-0.007037338325849204,-0.00610876197859084
2022-07-01,0.0017677271536461782,0.0007689630333723975,0.0008827143310597481,0.00040419143789248684,0.009816061122936854,0.00754834303473644,0.0020623786406113644,0.0008963169236428453
2022-07-02,-0.006185557054675245,0.006658324708404518,-0.011659730883929426,0.0012989253187170831,0.0070002451649548315,-0.0005159910631508765,0.009150094387019058,0.004864830715902776
2022-07-03,-0.0006490869830468025,0.0028241262917295044,-0.011142491584818023,-0.0012891544491238584,0.007362176035570064,0.00238329284894512,-0.0004348850609429713,0.0017748372818922537
2022-07-04,-0.0019113167173476014,-0.0015824168958837193,-0.005067509094347403,-0.00046435889433806487,-0.0016010010768473832,-0.003790759293653245,-0.003012938436301109,0.0009206086513162303
2022-07-05,0.009130233133925192,0.005706778909019922,0.011385854874906,0.008777013676961378,0.008476535586897751,-0.0009476461340496143,0.006025288690156981,0.007957206915889184
2022-07-06,-0.0008053129746261292,0.0035319924326786714,-0.006178714048388869,0.00032677012780127845,0.006647892658435581,0.0019490520290819141,0.0023040558303709067,0.004270256027955437
2022-07-07,0.004511589339693074,0.0007083362287540529,-0.0032826138442189562,0.0034174498638528915,0.0008187788492294397,0.00855154282020727,0.0014188421081483263,-0.00025968108903455837
2022-07-08,0.004156609363346815,-0.0008560317978711211,0.009671291323475528,-0.0014319654631499753,0.0020450855595038546,-0.0029461512195776566,0.003222420292244613,-0.00018381041108614425
2022-07-09,0.005297471334228816,0.0015577923396675594,0.009065728300006525,0.0034432015591068003,0.00022527950803113763,0.001399234344608661,-0.0010669405826336615,0.004401512740595583
2022-07-10,0.0015213735705179698,-6.563959820902755e-06,0.008622032883269397,0.002645218222292748,0.007508778525397179,0.009732300977719554,0.00417791333750423,0.003313630008586987
2022-07-11,-0.0003100405948959856,0.0005042221509978323,0.00038886333797108567,-0.00042453518285301287,-0.002101166399587632,-0.006707434141847222,-0.0012050028019653775,-0.0010125025396898984
2022-07-12,0.0026587910100357905,-0.0009659581447667739,0.002176866585866649,8.964334530168793e-05,0.0017607554208558312,0.0007080455092000292,-0.0031220011945065546,0.001724988758378922
2022-07-13,0.005659173147818096,-0.0002899069983352566,0.00821857922073474,0.0095960927617636,0.002786098564014173,0.00976130943893751,0.0007948605535747229,0.0025775347155731335
2022-07-14,0.007429380498266761,-0.0007444933066500409,0.0042853407275255,-0.0010547803236549496,0.000884559744330242,0.003958457946998599,-0.00016062731576338033,0.00012763200994199233
2022-07-15,0.009901959134090518,0.0032472526134512416,0.017762913310941073,0.00029749442672375516,0.00551907043415827,0.008501675179019771,-0.001030222945350332,0.005769852047087111
2022-07-16,-0.0034911885798271465,-5.5663089875235074e-05,-0.0082277660275551,0.00039635670532141374,-0.002403566253941035,-0.002554992732351031,0.0030797983361815395,-0.0010513942706853682
2022-07-17,0.0051837197445422116,0.0013436585604813932,0.014907992573484566,0.004478231603680845,0.005102963257534174,0.013448638686804836,-0.0005249935917891911,-0.00021079507004575192
2022-07-18,-0.0021771506071117507,3.790567342477891e-06,-0.007021400652963672,-0.0007661231194244175,0.0008825158326928749,-0.00012546850219161205,0.0026867642789993786,-0.0019261019828448395
2022-07-19,-0.0014519125790109582,-0.0036711350934301476,-0.0031192624087262124,-0.014413312907177811,-0.013356687222032296,-0.014569198406127094,-0.005964320568650253,-0.003672540179346075
2022-07-20,-0.0028984741637491807,0.00035752355380513136,-0.010668213641035689,-0.004728317723290915,-0.00421253908511323,-0.00613254865481465,-0.0005346509286543731,-0.003018143857468675
2022-07-21,0.005310931835112391,0.0001292512460676694,0.007705036939819295,0.0011580345116688111,-0.0004329271750941403,0.008642988356409712,-0.0009331800939499098,-0.003238950989934455
2022-07-22,-0.008989586575218046,-0.0003916169765696231,-0.01725161607608679,-0.002539875328629855,-0.009487215198120895,-0.009966639456547641,-0.0014742681314681525,-3.196434491494592e-05
2022-07-23,0.007001908374713539,-3.395081477647242e-05,0.011435874872871765,-0.00857137865070649,0.006683459519599854,0.006625149492813423,-0.001626725505971972,0.003343497239634982
2022-07-24,-0.0003366637194216329,-0.0016080923886703437,0.002617996949935061,-0.0007055052866920875,-1.107917416855235e-05,0.0035992341043591873,-0.0019311753780231874,0.0008401141292186515
2022-07-25,0.00044156664059656034,-0.0008167173384360487,0.0008944030411120753,-0.0019564956815620762,-0.004785790309937464,-0.0002524265383643849,-0.0008341930835711057,-0.0036118077771051782
2022-07-26,0.0032025439888877178,-0.007756370147379872,0.008129243388110378,-0.0003612713978444383,0.0010315899932602161,0.0036970277058314565,-0.012744970600606873,-0.006109953541741218
2022-07-27,-0.00034598997991507605,0.0015219905910168084,-0.0027811901062496564,0.005612432454684996,0.004987121016295142,0.009956218196535697,0.005796949751838816,0.007613952675458623
2022-07-28,-0.0015752836567580314,-0.0024034656197228508,-0.0035310632937174432,0.003947005056523313,0.00395896805559573,-0.0015304842532299144,-0.0014688170309935956,-0.0054136059132481726
2022-07-29,-0.007705689567529973,0.002113719825712331,-0.010513906098094205,0.0005127288739762687,-0.00024592913205651013,-0.003953634404514439,0.00196799169292175,0.0028269460169040913
2022-07-30,0.004315633849268244,0.007098509746866382,0.004701634172713754,0.00684616723808939,0.01237788910871192,0.009178847994624413,0.007929901316548256,0.00573575447445247
2022-07-31,-0.0007058306468504727,0.00037043042331703804,-0.005008400330849854,0.007042601200609138,0.0065872589949092335,0.00729903285989821,0.0017279240348316253,0.0037950874539527724
2022-08-01,-0.0005269946046406486,-0.003344210097580328,-0.005847868159712919,0.0006848902611879172,-0.008489214359432324,-0.007283480931160412,-0.0022918773197761195,-0.0005138706316635578
2022-08-02,0.00606088827870693,0.00406060205904615,0.007736164629103382,0.008343319665048511,0.01084194647244725,0.007548567860287262,0.004667457820907757,0.003341251331269689
2022-08-03,0.0025188297658907104,0.005383817999562152,0.009182743253447994,0.004898294665578992,0.012093055571120335,0.00844865459904351,0.005653045924837418,0.003756759736422263
2022-08-04,-0.0024658998348237914,-8.926310495429608e-07,-0.012461761530792901,-0.0024797908747780407,-0.003886651752578837,-0.004010074473329836,-0.002499597705574597,-0.0031090380681791886
2022-08-05,0.010749697816213087,-0.0010034060229944465,0.013222711666924977,0.0092920321473553,0.007667873706166668,0.015057932549981496,-0.00044793532345070914,0.0017582570308275793
2022-08-06,-0.0032708831497853547,-0.001644907286359382,-0.008362008879844353,5.447690112561502e-07,0.002209301271260434,-0.0026854355142106926,-0.001052754190161078,-0.002301382703441878
2022-08-07,0.0018278197104122885,0.003254558714231111,0.007171567540596778,-0.00031328917589665,8.289980056046962e-05,0.005886875662446383,0.005752852160664419,0.005008009543673962
2022-08-08,-0.0007704466591783078,0.0022786890846206304,0.0008450790919004286,0.0038397112992489667,-0.00043595278049169187,0.0019333631784343205,0.0029313711700437975,-0.00025587020920274893
2022-08-09,0.0008076648845329548,0.0019544826520728822,0.0033179063865209873,0.00519216023697835,-0.009105672319305981,0.009382466654511605,0.0006099326619316229,0.002458285909796351
2022-08-10,-4.965266799439517e-05,-0.003197806211520786,0.0027474373290413117,-0.006156829770796478,-0.0017000187356642437,-2.6353918662558253e-06,-0.004695545403336632,-0.005831232031969515
2022-08-11,-0.009738167972511426,0.000191552299411518,-0.013538186961900444,-0.011001514049208279,-0.015359031591181493,-0.018770787681223214,-0.0006212541943017257,-0.000420224139113995
2022-08-12,-0.0037706786148536805,0.0036111030016007565,-0.0007088968064198492,-0.004677172345597835,-0.009436875731817927,-0.007907498130067645,0.0019045550025487377,0.0028994746786912876
2022-08-13,0.00877183710230886,-0.001513701817560074,0.013955723970917707,0.006226901242381055,0.011385945458150791,0.012353498630289552,0.002176883131594136,-0.0011817769201611342
2022-08-14,0.004545077130180198,0.0043511149568705035,0.004180334748870579,0.004968744549689551,0.004807010248145936,0.006552317317071771,0.004167514681288895,0.006383873635145953
2022-08-15,-0.007976147712254735,0.0021655259032814012,-0.015336802475531597,0.006752466811782605,-0.0047641317322448095,-0.008166971907754395,0.004369409361176875,0.001371006437068893
2022-08-16,-0.0039094585430811835,-0.0011702630489199757,-0.004303828083055773,-0.0027112098835214197,-0.006065347007174432,-0.0033241261029047383,-0.005840477992020121,-0.0030090363491509678
2022-08-17,-0.00903868380421734,-0.00037168189926235046,-0.0007624962910428182,0.0004523788786996375,-0.0014637342560920076,0.0030114911606080124,0.0004827334365618264,-0.003990479639717852
2022-08-18,-0.001171293166712163,-0.00028671081162574147,-0.006719424049276411,0.0005400716930141042,0.004290395510202123,-0.005630262631851777,-0.0003149790641456403,1.9219584225025244e-05
2022-08-19,0.0004287446924968513,-0.0007792837482702048,0.002672051288966055,0.005426246884307054,0.0005903067706262842,0.00025379578412554435,0.0004045222008655566,0.002212309716096136
2022-08-20,-0.007783031261536776,0.000746460573657052,-0.009290283243262946,0.0019781669862668372,0.0010571431430600733,-0.007121363950529663,0.0035915001177866585,0.00043870287964492685
2022-08-21,0.0019810024820747247,0.005167622275193004,0.006868239465416709,0.0009976478585898123,0.0026782178632781227,0.0038364648580762636,0.0052674995607239206,0.004091230761131604
2022-08-22,0.0047779751602278426,0.003588629886180862,0.0034270502833403604,-0.002316587197315949,0.0008392468315290232,-0.001865826744713999,0.0026034992560090534,0.002007832193226073
2022-08-23,-0.00046666589577374035,-0.00025467420691907214,0.00878374745536305,0.00106545706883786,-0.000509105727780797,-0.0029047724370219684,-0.0025851361861627575,-0.004734953907662571
2022-08-24,-0.0007309742496930821,0.004016378516160291,0.0005458773647172978,-0.0018380567903910107,-0.0028210251640578034,-0.005107248470123185,0.0028154405054925872,0.0019186846478711959
2022-08-25,-0.011235061329691447,-0.0028971775263116877,-0.014459792811290765,-0.005309939512104925,-0.011700074263486494,-0.019803091416575398,-0.0020989182884404924,-0.0044019876895792604
2022-08-26,0.0009932350912450687,0.002854794573965507,-0.0039544076766395275,0.002856519236349342,-0.00019193846230690422,-0.005699203498737425,0.003503468942627349,0.0037092245817687535
2022-08-27,0.0015070958071732655,0.002480979556403576,-0.010047060986484752,-0.0017653096586488903,-0.0027631610169803807,-0.003929047482446769,0.0014115049204352485,-0.0012198950291363666
2022-08-28,-0.006779484132167853,-0.0024698464582012785,-0.005896039768053052,-0.0026258289013370816,-0.0045989218499335,-0.00934664597197788,-0.009379319582948804,-0.0006963519410283911
2022-08-29,-0.0005573585380340243,-0.0010194413266219732,0.0008285161040324118,-0.003703864732626182,-0.007196618367474631,-0.006994075601866419,-0.0006469949797403699,0.000726780314981681
2022-08-30,-0.003020457758380426,-0.002112325372758603,-0.011319995943290261,0.001306581781052523,-0.005554377902931111,-0.0028682853375668637,0.0017807441117963355,0.001026662957674429
2022-08-31,0.0017959878535678546,0.0009353231429642665,-0.0015163769717830599,0.0006722617068696616,-0.0030321022408631975,-0.0006362857429263861,-0.000797338719422301,0.00024963230255436195
2022-09-01,0.00328074087177109,0.0037039278156479724,0.00437860433510068,-0.002317228804893652,0.007995244366160883,0.006624894413707455,0.0020036680940294154,0.002105298376509662
2022-09-02,0.0017533345549966865,-0.0015134693037246528,0.00258020890315843,0.0022103672330462277,0.0067524197692531976,0.00807555870983643,0.0006975171983999095,0.0016791365044304344
2022-09-03,-0.009573691503587493,0.002264928530955091,-0.01564104231498425,0.001967068623505422,-0.0045518537695800896,-0.007950685919836428,0.003869418482342628,0.0019109249796762783
2022-09-04,0.0035625511374963656,0.0005857467877889095,-0.00032415902912851115,0.0040929698826559615,0.006096907315198082,0.004445309018299184,0.0004936396427105934,0.0008282253760582446
2022-09-05,-0.005117398090067111,-0.0030960504625069194,-0.000619309066386111,-0.003354924296997478,-0.006933300102205539,-0.006945649214898978,-0.001953070010816828,-0.0034107995208197055
2022-09-06,-0.002968228566086687,0.0005483558706015493,-0.0039459925694326214,0.0025793137245364176,-0.0043220033310951205,-0.003430211456903666,0.00016678968767510583,-0.000744372191589045
2022-09-07,0.003373338830285875,0.0014789365508700596,-0.0005628836935036273,0.005918553997781678,0.0005883304702140179,-0.0022011624599305294,0.0011564029858215997,0.0006669229037850551
2022-09-08,0.004906114235319001,0.005254663833807555,0.005737553680945618,0.004232541919746728,0.0017348304933261743,0.0005267618386672069,0.006009480210127338,0.002973404282706041
2022-09-09,0.00390156017257805,-0.0024957604232226,0.0016363288422830112,0.007165903639547175,0.013097403215505846,0.010809359328732681,-0.005864030887451275,-0.004648533424741439
2022-09-10,0.002834752283958829,0.001565005437490064,-0.0002950154838591151,-0.0005686032365257417,0.004942465971452926,0.003025248512336027,0.0045885717574848965,0.007051131484203296
2022-09-11,-0.011091619934224046,0.003921627961750858,-0.01783409521129478,-0.002882721737416262,-0.015318405987610955,-0.020672604821223833,0.007963064561355811,0.0021166740748471465
2022-09-12,0.00664580361933779,0.005048485661853502,0.009522414190266826,0.003663141212470967,0.005529802174078866,0.006283246172983174,0.0024091920193604387,0.005726968068571511
2022-09-13,-0.0036755286643932374,0.0013863617712692486,-0.004024253233377647,-0.004509385663837495,0.0005802727784570617,-0.0033450253897219237,0.003542975471012772,-0.0030428907700305835
2022-09-14,-0.00841716279104564,-0.0014078613325968475,-0.01001140648438296,-0.005226107183576782,-0.006952709756270582,-0.00203741579174367,-0.0028271942432965295,-0.003412605361477344
2022-09-15,-0.003299710452466996,-0.0012288276558314539,-0.007180956300540321,0.0004589873562552123,-0.005569852534681584,-0.007636383420424878,-0.0015046349439128118,-0.00021855747594127844
2022-09-16,0.0010255083082772402,-0.0013953908222882146,0.0033488430884539154,-0.0011955243209917689,0.00045947467872534033,0.0017463601247032885,-0.00030079604595534585,-0.002076452695616923
2022-09-17,-0.0031377503382255378,-0.0044127320951526244,-0.00652041128133219,-0.007902775578633177,-0.003981519063604132,-0.009287927474907512,-0.005375979970103356,-0.006105979575011077
2022-09-18,0.000549828287432338,0.002205926325210085,-0.007534217291910622,0.00043672273240113134,0.004635160069609693,-0.003175602373716922,0.003959738871567153,0.0035544623523382705
2022-09-19,0.014681151809745602,0.001243653411299161,0.023751998492583085,-0.003850641880697024,0.0028821939607281324,0.010027805979052767,0.004301636200701474,2.851644308687181e-05
2022-09-20,-0.0017130307152916572,0.0018313593804242544,-0.0038163897552424965,0.002869039475676499,0.0023410092506651547,-0.005909606426914879,0.0049229867464300765,0.0008096822320406101
2022-09-21,0.0048793602155873,0.004968801156303813,-0.0030998809622577858,0.0004972477051285435,0.008565556257444375,-0.0026788353534068273,0.004598451622177133,0.005895982462856344
2022-09-22,0.0030853521102142505,-0.0025418374664104583,0.009302677868891203,-0.005171918924676421,0.002152873373232452,0.003120049517084912,-0.004856600886310123,-0.0011975451872262076
2022-09-23,0.0028137737246930455,0.001399871132757148,0.009266702147625119,-0.0035466781085118633,2.751839965123244e-05,-0.0020439104594637855,0.0031592156032607165,0.0019082528766138146
2022-09-24,0.004770738093284908,-0.0016939443074071904,0.009401297917211702,0.0015077423323739286,-0.001803457286732822,0.009029465056621422,0.0019930133685602263,0.00040323860474840363
2022-09-25,-0.0008972076473388363,0.0012699071025533343,-0.004052118456324695,0.0026949099646136785,-0.0005344117994943214,-0.0003366427726787235,0.0003143934506005183,0.0033749042186383736
2022-09-26,-0.008714437167839336,-0.005850296601538577,-0.006966843462504999,-0.008405595808960423,-0.0025979703830059115,-0.013329416160196526,-0.00520426668458409,-0.001153458743145369
